Workbook

Sheet Лист1
A1: Узел | B1: =12*60 -> 720 | C1: % от объема | D1: Работы | E1: Кол-во | F1: ФОТ, %
B2: =SUM(B8:B86) -> 870 | H2: 12000 | I2: ФОТ, руб | J2: GPM, % | K2: GP, руб | M2: 12000 | N2: ФОТ, руб | O2: GPM, % | P2: GP, руб | R2: 15000 | S2: ФОТ, руб | T2: GPM, % | U2: GP, руб | W2: 20000 | X2: ФОТ, руб | Y2: GPM, % | Z2: GP, руб | AB2: 30000 | AC2: ФОТ, руб | AD2: GPM, % | AE2: GP, руб | AG2: ФОТ | AH2: расч
H3: =SUM(I8:I86) -> 13825 | M3: =SUM(N8:N86) -> 13825 | R3: =SUM(S8:S86) -> 15575 | W3: =SUM(X8:X86) -> 20125 | AB3: =SUM(AC8:AC86) -> 31675 | AG3: ФОТ | AH3: факт
H4: =MROUND(H2/0.35,500) -> 34500 | M4: =MROUND(M2/0.35,500) -> 34500 | R4: =MROUND(R2/0.35,500) -> 43000 | W4: =MROUND(W2/0.35,500) -> 57000 | AB4: =MROUND(AB2/0.35,500) -> 85500 | AG4: Выручка | AH4: расч
H5: =SUM(H8:H86) -> 39500 | M5: =SUM(M8:M86) -> 39500 | R5: =SUM(R8:R86) -> 44500 | W5: =SUM(W8:W86) -> 57500 | AB5: =SUM(AB8:AB86) -> 90500 | AG5: Выручка | AH5: факт
C6: =SUM(C8:C86) -> 102 | H6: 1 класс | M6: 2 класс | R6: 3 класс | W6: 4 класс | AB6: 4+ класс
A8: Решетка радиатора | B8: 20 | C8: =MROUND(B8*100/$B$2,0.5) -> 2.5 | D8: Решетка радиатора съем | E8: 1 | F8: 35 | H8: =MROUND($H$4/100*C8,500) -> 1000 | I8: =H8/100*F8 -> 350 | J8: =(H8-K8)/H8*100 -> 35 | K8: =H8-I8 -> 650 | M8: =MROUND($M$4/100*C8,500) -> 1000 | N8: =M8/100*F8 -> 350 | O8: =(M8-P8)/M8*100 -> 35 | P8: =M8-N8 -> 650 | R8: =MROUND($R$4/100*C8,500) -> 1000 | S8: =R8/100*F8 -> 350 | T8: =(R8-U8)/R8*100 -> 35 | U8: =R8-S8 -> 650 | W8: =MROUND($W$4/100*C8,500) -> 1500 | X8: =W8/100*F8 -> 525 | Y8: =(W8-Z8)/W8*100 -> 35 | Z8: =W8-X8 -> 975 | AB8: =MROUND($AB$4/100*C8,500) -> 2000 | AC8: =AB8/100*F8 -> 700 | AD8: =(AB8-AE8)/AB8*100 -> 35 | AE8: =AB8-AC8 -> 1300
C9: =MROUND(B9*100/$B$2,0.5) -> 0 | D9: Решетка радиатора разборка | E9: 1 | F9: 35 | H9: =MROUND($H$4/100*C9,500) -> 0 | I9: =H9/100*F9 -> 0 | J9: =(H9-K9)/H9*100 -> #DIV/0! | K9: =H9-I9 -> 0 | M9: =MROUND($M$4/100*C9,500) -> 0 | N9: =M9/100*F9 -> 0 | O9: =(M9-P9)/M9*100 -> #DIV/0! | P9: =M9-N9 -> 0 | R9: =MROUND($R$4/100*C9,500) -> 0 | S9: =R9/100*F9 -> 0 | T9: =(R9-U9)/R9*100 -> #DIV/0! | U9: =R9-S9 -> 0 | W9: =MROUND($W$4/100*C9,500) -> 0 | X9: =W9/100*F9 -> 0 | Y9: =(W9-Z9)/W9*100 -> #DIV/0! | Z9: =W9-X9 -> 0 | AB9: =MROUND($AB$4/100*C9,500) -> 0 | AC9: =AB9/100*F9 -> 0 | AD9: =(AB9-AE9)/AB9*100 -> #DIV/0! | AE9: =AB9-AC9 -> 0
C10: =MROUND(B10*100/$B$2,0.5) -> 0 | D10: Решетка радиатора сборка | E10: 1 | F10: 35 | H10: =MROUND($H$4/100*C10,500) -> 0 | I10: =H10/100*F10 -> 0 | J10: =(H10-K10)/H10*100 -> #DIV/0! | K10: =H10-I10 -> 0 | M10: =MROUND($M$4/100*C10,500) -> 0 | N10: =M10/100*F10 -> 0 | O10: =(M10-P10)/M10*100 -> #DIV/0! | P10: =M10-N10 -> 0 | R10: =MROUND($R$4/100*C10,500) -> 0 | S10: =R10/100*F10 -> 0 | T10: =(R10-U10)/R10*100 -> #DIV/0! | U10: =R10-S10 -> 0 | W10: =MROUND($W$4/100*C10,500) -> 0 | X10: =W10/100*F10 -> 0 | Y10: =(W10-Z10)/W10*100 -> #DIV/0! | Z10: =W10-X10 -> 0 | AB10: =MROUND($AB$4/100*C10,500) -> 0 | AC10: =AB10/100*F10 -> 0 | AD10: =(AB10-AE10)/AB10*100 -> #DIV/0! | AE10: =AB10-AC10 -> 0
B11: 20 | C11: =MROUND(B11*100/$B$2,0.5) -> 2.5 | D11: Решетка радиатора установка | E11: 1 | F11: 35 | H11: =MROUND($H$4/100*C11,500) -> 1000 | I11: =H11/100*F11 -> 350 | J11: =(H11-K11)/H11*100 -> 35 | K11: =H11-I11 -> 650 | M11: =MROUND($M$4/100*C11,500) -> 1000 | N11: =M11/100*F11 -> 350 | O11: =(M11-P11)/M11*100 -> 35 | P11: =M11-N11 -> 650 | R11: =MROUND($R$4/100*C11,500) -> 1000 | S11: =R11/100*F11 -> 350 | T11: =(R11-U11)/R11*100 -> 35 | U11: =R11-S11 -> 650 | W11: =MROUND($W$4/100*C11,500) -> 1500 | X11: =W11/100*F11 -> 525 | Y11: =(W11-Z11)/W11*100 -> 35 | Z11: =W11-X11 -> 975 | AB11: =MROUND($AB$4/100*C11,500) -> 2000 | AC11: =AB11/100*F11 -> 700 | AD11: =(AB11-AE11)/AB11*100 -> 35 | AE11: =AB11-AC11 -> 1300
A13: Передний бампер | B13: 30 | C13: =MROUND(B13*100/$B$2,0.5) -> 3.5 | D13: Передний бампер съем | E13: 1 | F13: 35 | H13: =MROUND($H$4/100*C13,500) -> 1000 | I13: =H13/100*F13 -> 350 | J13: =(H13-K13)/H13*100 -> 35 | K13: =H13-I13 -> 650 | M13: =MROUND($M$4/100*C13,500) -> 1000 | N13: =M13/100*F13 -> 350 | O13: =(M13-P13)/M13*100 -> 35 | P13: =M13-N13 -> 650 | R13: =MROUND($R$4/100*C13,500) -> 1500 | S13: =R13/100*F13 -> 525 | T13: =(R13-U13)/R13*100 -> 35 | U13: =R13-S13 -> 975 | W13: =MROUND($W$4/100*C13,500) -> 2000 | X13: =W13/100*F13 -> 700 | Y13: =(W13-Z13)/W13*100 -> 35 | Z13: =W13-X13 -> 1300 | AB13: =MROUND($AB$4/100*C13,500) -> 3000 | AC13: =AB13/100*F13 -> 1050 | AD13: =(AB13-AE13)/AB13*100 -> 35 | AE13: =AB13-AC13 -> 1950
B14: 20 | C14: =MROUND(B14*100/$B$2,0.5) -> 2.5 | D14: Передний бампер разборка | E14: 1 | F14: 35 | H14: =MROUND($H$4/100*C14,500) -> 1000 | I14: =H14/100*F14 -> 350 | J14: =(H14-K14)/H14*100 -> 35 | K14: =H14-I14 -> 650 | M14: =MROUND($M$4/100*C14,500) -> 1000 | N14: =M14/100*F14 -> 350 | O14: =(M14-P14)/M14*100 -> 35 | P14: =M14-N14 -> 650 | R14: =MROUND($R$4/100*C14,500) -> 1000 | S14: =R14/100*F14 -> 350 | T14: =(R14-U14)/R14*100 -> 35 | U14: =R14-S14 -> 650 | W14: =MROUND($W$4/100*C14,500) -> 1500 | X14: =W14/100*F14 -> 525 | Y14: =(W14-Z14)/W14*100 -> 35 | Z14: =W14-X14 -> 975 | AB14: =MROUND($AB$4/100*C14,500) -> 2000 | AC14: =AB14/100*F14 -> 700 | AD14: =(AB14-AE14)/AB14*100 -> 35 | AE14: =AB14-AC14 -> 1300
B15: 20 | C15: =MROUND(B15*100/$B$2,0.5) -> 2.5 | D15: Передний бампер сборка | E15: 1 | F15: 35 | H15: =MROUND($H$4/100*C15,500) -> 1000 | I15: =H15/100*F15 -> 350 | J15: =(H15-K15)/H15*100 -> 35 | K15: =H15-I15 -> 650 | M15: =MROUND($M$4/100*C15,500) -> 1000 | N15: =M15/100*F15 -> 350 | O15: =(M15-P15)/M15*100 -> 35 | P15: =M15-N15 -> 650 | R15: =MROUND($R$4/100*C15,500) -> 1000 | S15: =R15/100*F15 -> 350 | T15: =(R15-U15)/R15*100 -> 35 | U15: =R15-S15 -> 650 | W15: =MROUND($W$4/100*C15,500) -> 1500 | X15: =W15/100*F15 -> 525 | Y15: =(W15-Z15)/W15*100 -> 35 | Z15: =W15-X15 -> 975 | AB15: =MROUND($AB$4/100*C15,500) -> 2000 | AC15: =AB15/100*F15 -> 700 | AD15: =(AB15-AE15)/AB15*100 -> 35 | AE15: =AB15-AC15 -> 1300
B16: 30 | C16: =MROUND(B16*100/$B$2,0.5) -> 3.5 | D16: Передний бампер установка | E16: 1 | F16: 35 | H16: =MROUND($H$4/100*C16,500) -> 1000 | I16: =H16/100*F16 -> 350 | J16: =(H16-K16)/H16*100 -> 35 | K16: =H16-I16 -> 650 | M16: =MROUND($M$4/100*C16,500) -> 1000 | N16: =M16/100*F16 -> 350 | O16: =(M16-P16)/M16*100 -> 35 | P16: =M16-N16 -> 650 | R16: =MROUND($R$4/100*C16,500) -> 1500 | S16: =R16/100*F16 -> 525 | T16: =(R16-U16)/R16*100 -> 35 | U16: =R16-S16 -> 975 | W16: =MROUND($W$4/100*C16,500) -> 2000 | X16: =W16/100*F16 -> 700 | Y16: =(W16-Z16)/W16*100 -> 35 | Z16: =W16-X16 -> 1300 | AB16: =MROUND($AB$4/100*C16,500) -> 3000 | AC16: =AB16/100*F16 -> 1050 | AD16: =(AB16-AE16)/AB16*100 -> 35 | AE16: =AB16-AC16 -> 1950
A18: Пороги | B18: 25 | C18: =MROUND(B18*100/$B$2,0.5) -> 3 | D18: Пороги внешние съем | E18: 2 | F18: 35 | H18: =MROUND($H$4/100*C18,500) -> 1000 | I18: =H18/100*F18 -> 350 | J18: =(H18-K18)/H18*100 -> 35 | K18: =H18-I18 -> 650 | M18: =MROUND($M$4/100*C18,500) -> 1000 | N18: =M18/100*F18 -> 350 | O18: =(M18-P18)/M18*100 -> 35 | P18: =M18-N18 -> 650 | R18: =MROUND($R$4/100*C18,500) -> 1500 | S18: =R18/100*F18 -> 525 | T18: =(R18-U18)/R18*100 -> 35 | U18: =R18-S18 -> 975 | W18: =MROUND($W$4/100*C18,500) -> 1500 | X18: =W18/100*F18 -> 525 | Y18: =(W18-Z18)/W18*100 -> 35 | Z18: =W18-X18 -> 975 | AB18: =MROUND($AB$4/100*C18,500) -> 2500 | AC18: =AB18/100*F18 -> 875 | AD18: =(AB18-AE18)/AB18*100 -> 35 | AE18: =AB18-AC18 -> 1625
C19: =MROUND(B19*100/$B$2,0.5) -> 0 | D19: Пороги внешние разборка | E19: 2 | F19: 35 | H19: =MROUND($H$4/100*C19,500) -> 0 | I19: =H19/100*F19 -> 0 | J19: =(H19-K19)/H19*100 -> #DIV/0! | K19: =H19-I19 -> 0 | M19: =MROUND($M$4/100*C19,500) -> 0 | N19: =M19/100*F19 -> 0 | O19: =(M19-P19)/M19*100 -> #DIV/0! | P19: =M19-N19 -> 0 | R19: =MROUND($R$4/100*C19,500) -> 0 | S19: =R19/100*F19 -> 0 | T19: =(R19-U19)/R19*100 -> #DIV/0! | U19: =R19-S19 -> 0 | W19: =MROUND($W$4/100*C19,500) -> 0 | X19: =W19/100*F19 -> 0 | Y19: =(W19-Z19)/W19*100 -> #DIV/0! | Z19: =W19-X19 -> 0 | AB19: =MROUND($AB$4/100*C19,500) -> 0 | AC19: =AB19/100*F19 -> 0 | AD19: =(AB19-AE19)/AB19*100 -> #DIV/0! | AE19: =AB19-AC19 -> 0
C20: =MROUND(B20*100/$B$2,0.5) -> 0 | D20: Пороги внешние сборка | E20: 2 | F20: 35 | H20: =MROUND($H$4/100*C20,500) -> 0 | I20: =H20/100*F20 -> 0 | J20: =(H20-K20)/H20*100 -> #DIV/0! | K20: =H20-I20 -> 0 | M20: =MROUND($M$4/100*C20,500) -> 0 | N20: =M20/100*F20 -> 0 | O20: =(M20-P20)/M20*100 -> #DIV/0! | P20: =M20-N20 -> 0 | R20: =MROUND($R$4/100*C20,500) -> 0 | S20: =R20/100*F20 -> 0 | T20: =(R20-U20)/R20*100 -> #DIV/0! | U20: =R20-S20 -> 0 | W20: =MROUND($W$4/100*C20,500) -> 0 | X20: =W20/100*F20 -> 0 | Y20: =(W20-Z20)/W20*100 -> #DIV/0! | Z20: =W20-X20 -> 0 | AB20: =MROUND($AB$4/100*C20,500) -> 0 | AC20: =AB20/100*F20 -> 0 | AD20: =(AB20-AE20)/AB20*100 -> #DIV/0! | AE20: =AB20-AC20 -> 0
B21: 25 | C21: =MROUND(B21*100/$B$2,0.5) -> 3 | D21: Пороги внешние установка | E21: 2 | F21: 35 | H21: =MROUND($H$4/100*C21,500) -> 1000 | I21: =H21/100*F21 -> 350 | J21: =(H21-K21)/H21*100 -> 35 | K21: =H21-I21 -> 650 | M21: =MROUND($M$4/100*C21,500) -> 1000 | N21: =M21/100*F21 -> 350 | O21: =(M21-P21)/M21*100 -> 35 | P21: =M21-N21 -> 650 | R21: =MROUND($R$4/100*C21,500) -> 1500 | S21: =R21/100*F21 -> 525 | T21: =(R21-U21)/R21*100 -> 35 | U21: =R21-S21 -> 975 | W21: =MROUND($W$4/100*C21,500) -> 1500 | X21: =W21/100*F21 -> 525 | Y21: =(W21-Z21)/W21*100 -> 35 | Z21: =W21-X21 -> 975 | AB21: =MROUND($AB$4/100*C21,500) -> 2500 | AC21: =AB21/100*F21 -> 875 | AD21: =(AB21-AE21)/AB21*100 -> 35 | AE21: =AB21-AC21 -> 1625
A23: Задний бампер | B23: 15 | C23: =MROUND(B23*100/$B$2,0.5) -> 1.5 | D23: Задний бампер съем | E23: 1 | F23: 35 | H23: =MROUND($H$4/100*C23,500) -> 500 | I23: =H23/100*F23 -> 175 | J23: =(H23-K23)/H23*100 -> 35 | K23: =H23-I23 -> 325 | M23: =MROUND($M$4/100*C23,500) -> 500 | N23: =M23/100*F23 -> 175 | O23: =(M23-P23)/M23*100 -> 35 | P23: =M23-N23 -> 325 | R23: =MROUND($R$4/100*C23,500) -> 500 | S23: =R23/100*F23 -> 175 | T23: =(R23-U23)/R23*100 -> 35 | U23: =R23-S23 -> 325 | W23: =MROUND($W$4/100*C23,500) -> 1000 | X23: =W23/100*F23 -> 350 | Y23: =(W23-Z23)/W23*100 -> 35 | Z23: =W23-X23 -> 650 | AB23: =MROUND($AB$4/100*C23,500) -> 1500 | AC23: =AB23/100*F23 -> 525 | AD23: =(AB23-AE23)/AB23*100 -> 35 | AE23: =AB23-AC23 -> 975
B24: 25 | C24: =MROUND(B24*100/$B$2,0.5) -> 3 | D24: Задний бампер разборка | E24: 1 | F24: 35 | H24: =MROUND($H$4/100*C24,500) -> 1000 | I24: =H24/100*F24 -> 350 | J24: =(H24-K24)/H24*100 -> 35 | K24: =H24-I24 -> 650 | M24: =MROUND($M$4/100*C24,500) -> 1000 | N24: =M24/100*F24 -> 350 | O24: =(M24-P24)/M24*100 -> 35 | P24: =M24-N24 -> 650 | R24: =MROUND($R$4/100*C24,500) -> 1500 | S24: =R24/100*F24 -> 525 | T24: =(R24-U24)/R24*100 -> 35 | U24: =R24-S24 -> 975 | W24: =MROUND($W$4/100*C24,500) -> 1500 | X24: =W24/100*F24 -> 525 | Y24: =(W24-Z24)/W24*100 -> 35 | Z24: =W24-X24 -> 975 | AB24: =MROUND($AB$4/100*C24,500) -> 2500 | AC24: =AB24/100*F24 -> 875 | AD24: =(AB24-AE24)/AB24*100 -> 35 | AE24: =AB24-AC24 -> 1625
B25: 25 | C25: =MROUND(B25*100/$B$2,0.5) -> 3 | D25: Задний бампер сборка | E25: 1 | F25: 35 | H25: =MROUND($H$4/100*C25,500) -> 1000 | I25: =H25/100*F25 -> 350 | J25: =(H25-K25)/H25*100 -> 35 | K25: =H25-I25 -> 650 | M25: =MROUND($M$4/100*C25,500) -> 1000 | N25: =M25/100*F25 -> 350 | O25: =(M25-P25)/M25*100 -> 35 | P25: =M25-N25 -> 650 | R25: =MROUND($R$4/100*C25,500) -> 1500 | S25: =R25/100*F25 -> 525 | T25: =(R25-U25)/R25*100 -> 35 | U25: =R25-S25 -> 975 | W25: =MROUND($W$4/100*C25,500) -> 1500 | X25: =W25/100*F25 -> 525 | Y25: =(W25-Z25)/W25*100 -> 35 | Z25: =W25-X25 -> 975 | AB25: =MROUND($AB$4/100*C25,500) -> 2500 | AC25: =AB25/100*F25 -> 875 | AD25: =(AB25-AE25)/AB25*100 -> 35 | AE25: =AB25-AC25 -> 1625
B26: 15 | C26: =MROUND(B26*100/$B$2,0.5) -> 1.5 | D26: Задний бампер установка | E26: 1 | F26: 35 | H26: =MROUND($H$4/100*C26,500) -> 500 | I26: =H26/100*F26 -> 175 | J26: =(H26-K26)/H26*100 -> 35 | K26: =H26-I26 -> 325 | M26: =MROUND($M$4/100*C26,500) -> 500 | N26: =M26/100*F26 -> 175 | O26: =(M26-P26)/M26*100 -> 35 | P26: =M26-N26 -> 325 | R26: =MROUND($R$4/100*C26,500) -> 500 | S26: =R26/100*F26 -> 175 | T26: =(R26-U26)/R26*100 -> 35 | U26: =R26-S26 -> 325 | W26: =MROUND($W$4/100*C26,500) -> 1000 | X26: =W26/100*F26 -> 350 | Y26: =(W26-Z26)/W26*100 -> 35 | Z26: =W26-X26 -> 650 | AB26: =MROUND($AB$4/100*C26,500) -> 1500 | AC26: =AB26/100*F26 -> 525 | AD26: =(AB26-AE26)/AB26*100 -> 35 | AE26: =AB26-AC26 -> 975
A28: Спойлер | B28: 10 | C28: =MROUND(B28*100/$B$2,0.5) -> 1 | D28: Спойлер съем | E28: 1 | F28: 35 | H28: =MROUND($H$4/100*C28,500) -> 500 | I28: =H28/100*F28 -> 175 | J28: =(H28-K28)/H28*100 -> 35 | K28: =H28-I28 -> 325 | M28: =MROUND($M$4/100*C28,500) -> 500 | N28: =M28/100*F28 -> 175 | O28: =(M28-P28)/M28*100 -> 35 | P28: =M28-N28 -> 325 | R28: =MROUND($R$4/100*C28,500) -> 500 | S28: =R28/100*F28 -> 175 | T28: =(R28-U28)/R28*100 -> 35 | U28: =R28-S28 -> 325 | W28: =MROUND($W$4/100*C28,500) -> 500 | X28: =W28/100*F28 -> 175 | Y28: =(W28-Z28)/W28*100 -> 35 | Z28: =W28-X28 -> 325 | AB28: =MROUND($AB$4/100*C28,500) -> 1000 | AC28: =AB28/100*F28 -> 350 | AD28: =(AB28-AE28)/AB28*100 -> 35 | AE28: =AB28-AC28 -> 650
B29: 8 | C29: =MROUND(B29*100/$B$2,0.5) -> 1 | D29: Спойлер разборка | E29: 1 | F29: 35 | H29: =MROUND($H$4/100*C29,500) -> 500 | I29: =H29/100*F29 -> 175 | J29: =(H29-K29)/H29*100 -> 35 | K29: =H29-I29 -> 325 | M29: =MROUND($M$4/100*C29,500) -> 500 | N29: =M29/100*F29 -> 175 | O29: =(M29-P29)/M29*100 -> 35 | P29: =M29-N29 -> 325 | R29: =MROUND($R$4/100*C29,500) -> 500 | S29: =R29/100*F29 -> 175 | T29: =(R29-U29)/R29*100 -> 35 | U29: =R29-S29 -> 325 | W29: =MROUND($W$4/100*C29,500) -> 500 | X29: =W29/100*F29 -> 175 | Y29: =(W29-Z29)/W29*100 -> 35 | Z29: =W29-X29 -> 325 | AB29: =MROUND($AB$4/100*C29,500) -> 1000 | AC29: =AB29/100*F29 -> 350 | AD29: =(AB29-AE29)/AB29*100 -> 35 | AE29: =AB29-AC29 -> 650
B30: 8 | C30: =MROUND(B30*100/$B$2,0.5) -> 1 | D30: Спойлер сборка | E30: 1 | F30: 35 | H30: =MROUND($H$4/100*C30,500) -> 500 | I30: =H30/100*F30 -> 175 | J30: =(H30-K30)/H30*100 -> 35 | K30: =H30-I30 -> 325 | M30: =MROUND($M$4/100*C30,500) -> 500 | N30: =M30/100*F30 -> 175 | O30: =(M30-P30)/M30*100 -> 35 | P30: =M30-N30 -> 325 | R30: =MROUND($R$4/100*C30,500) -> 500 | S30: =R30/100*F30 -> 175 | T30: =(R30-U30)/R30*100 -> 35 | U30: =R30-S30 -> 325 | W30: =MROUND($W$4/100*C30,500) -> 500 | X30: =W30/100*F30 -> 175 | Y30: =(W30-Z30)/W30*100 -> 35 | Z30: =W30-X30 -> 325 | AB30: =MROUND($AB$4/100*C30,500) -> 1000 | AC30: =AB30/100*F30 -> 350 | AD30: =(AB30-AE30)/AB30*100 -> 35 | AE30: =AB30-AC30 -> 650
B31: 8 | C31: =MROUND(B31*100/$B$2,0.5) -> 1 | D31: Спойлер установка | E31: 1 | F31: 35 | H31: =MROUND($H$4/100*C31,500) -> 500 | I31: =H31/100*F31 -> 175 | J31: =(H31-K31)/H31*100 -> 35 | K31: =H31-I31 -> 325 | M31: =MROUND($M$4/100*C31,500) -> 500 | N31: =M31/100*F31 -> 175 | O31: =(M31-P31)/M31*100 -> 35 | P31: =M31-N31 -> 325 | R31: =MROUND($R$4/100*C31,500) -> 500 | S31: =R31/100*F31 -> 175 | T31: =(R31-U31)/R31*100 -> 35 | U31: =R31-S31 -> 325 | W31: =MROUND($W$4/100*C31,500) -> 500 | X31: =W31/100*F31 -> 175 | Y31: =(W31-Z31)/W31*100 -> 35 | Z31: =W31-X31 -> 325 | AB31: =MROUND($AB$4/100*C31,500) -> 1000 | AC31: =AB31/100*F31 -> 350 | AD31: =(AB31-AE31)/AB31*100 -> 35 | AE31: =AB31-AC31 -> 650
A33: Фара передняя | B33: 20 | C33: =MROUND(B33*100/$B$2,0.5) -> 2.5 | D33: Фара передняя съем | E33: 2 | F33: 35 | H33: =MROUND($H$4/100*C33,500) -> 1000 | I33: =H33/100*F33 -> 350 | J33: =(H33-K33)/H33*100 -> 35 | K33: =H33-I33 -> 650 | M33: =MROUND($M$4/100*C33,500) -> 1000 | N33: =M33/100*F33 -> 350 | O33: =(M33-P33)/M33*100 -> 35 | P33: =M33-N33 -> 650 | R33: =MROUND($R$4/100*C33,500) -> 1000 | S33: =R33/100*F33 -> 350 | T33: =(R33-U33)/R33*100 -> 35 | U33: =R33-S33 -> 650 | W33: =MROUND($W$4/100*C33,500) -> 1500 | X33: =W33/100*F33 -> 525 | Y33: =(W33-Z33)/W33*100 -> 35 | Z33: =W33-X33 -> 975 | AB33: =MROUND($AB$4/100*C33,500) -> 2000 | AC33: =AB33/100*F33 -> 700 | AD33: =(AB33-AE33)/AB33*100 -> 35 | AE33: =AB33-AC33 -> 1300
B34: 20 | C34: =MROUND(B34*100/$B$2,0.5) -> 2.5 | D34: фара передняя установка | E34: 2 | F34: 35 | H34: =MROUND($H$4/100*C34,500) -> 1000 | I34: =H34/100*F34 -> 350 | J34: =(H34-K34)/H34*100 -> 35 | K34: =H34-I34 -> 650 | M34: =MROUND($M$4/100*C34,500) -> 1000 | N34: =M34/100*F34 -> 350 | O34: =(M34-P34)/M34*100 -> 35 | P34: =M34-N34 -> 650 | R34: =MROUND($R$4/100*C34,500) -> 1000 | S34: =R34/100*F34 -> 350 | T34: =(R34-U34)/R34*100 -> 35 | U34: =R34-S34 -> 650 | W34: =MROUND($W$4/100*C34,500) -> 1500 | X34: =W34/100*F34 -> 525 | Y34: =(W34-Z34)/W34*100 -> 35 | Z34: =W34-X34 -> 975 | AB34: =MROUND($AB$4/100*C34,500) -> 2000 | AC34: =AB34/100*F34 -> 700 | AD34: =(AB34-AE34)/AB34*100 -> 35 | AE34: =AB34-AC34 -> 1300
A36: Фонарь задний | B36: 20 | C36: =MROUND(B36*100/$B$2,0.5) -> 2.5 | D36: Фонарь задний съем | E36: 2 | F36: 35 | H36: =MROUND($H$4/100*C36,500) -> 1000 | I36: =H36/100*F36 -> 350 | J36: =(H36-K36)/H36*100 -> 35 | K36: =H36-I36 -> 650 | M36: =MROUND($M$4/100*C36,500) -> 1000 | N36: =M36/100*F36 -> 350 | O36: =(M36-P36)/M36*100 -> 35 | P36: =M36-N36 -> 650 | R36: =MROUND($R$4/100*C36,500) -> 1000 | S36: =R36/100*F36 -> 350 | T36: =(R36-U36)/R36*100 -> 35 | U36: =R36-S36 -> 650 | W36: =MROUND($W$4/100*C36,500) -> 1500 | X36: =W36/100*F36 -> 525 | Y36: =(W36-Z36)/W36*100 -> 35 | Z36: =W36-X36 -> 975 | AB36: =MROUND($AB$4/100*C36,500) -> 2000 | AC36: =AB36/100*F36 -> 700 | AD36: =(AB36-AE36)/AB36*100 -> 35 | AE36: =AB36-AC36 -> 1300
B37: 20 | C37: =MROUND(B37*100/$B$2,0.5) -> 2.5 | D37: Фонарь задний установка | E37: 2 | F37: 35 | H37: =MROUND($H$4/100*C37,500) -> 1000 | I37: =H37/100*F37 -> 350 | J37: =(H37-K37)/H37*100 -> 35 | K37: =H37-I37 -> 650 | M37: =MROUND($M$4/100*C37,500) -> 1000 | N37: =M37/100*F37 -> 350 | O37: =(M37-P37)/M37*100 -> 35 | P37: =M37-N37 -> 650 | R37: =MROUND($R$4/100*C37,500) -> 1000 | S37: =R37/100*F37 -> 350 | T37: =(R37-U37)/R37*100 -> 35 | U37: =R37-S37 -> 650 | W37: =MROUND($W$4/100*C37,500) -> 1500 | X37: =W37/100*F37 -> 525 | Y37: =(W37-Z37)/W37*100 -> 35 | Z37: =W37-X37 -> 975 | AB37: =MROUND($AB$4/100*C37,500) -> 2000 | AC37: =AB37/100*F37 -> 700 | AD37: =(AB37-AE37)/AB37*100 -> 35 | AE37: =AB37-AC37 -> 1300
A39: Расширитель арки колеса | B39: 8 | C39: =MROUND(B39*100/$B$2,0.5) -> 1 | D39: Расширитель арки колеса съем/разборка | E39: 4 | F39: 35 | H39: =MROUND($H$4/100*C39,500) -> 500 | I39: =H39/100*F39 -> 175 | J39: =(H39-K39)/H39*100 -> 35 | K39: =H39-I39 -> 325 | M39: =MROUND($M$4/100*C39,500) -> 500 | N39: =M39/100*F39 -> 175 | O39: =(M39-P39)/M39*100 -> 35 | P39: =M39-N39 -> 325 | R39: =MROUND($R$4/100*C39,500) -> 500 | S39: =R39/100*F39 -> 175 | T39: =(R39-U39)/R39*100 -> 35 | U39: =R39-S39 -> 325 | W39: =MROUND($W$4/100*C39,500) -> 500 | X39: =W39/100*F39 -> 175 | Y39: =(W39-Z39)/W39*100 -> 35 | Z39: =W39-X39 -> 325 | AB39: =MROUND($AB$4/100*C39,500) -> 1000 | AC39: =AB39/100*F39 -> 350 | AD39: =(AB39-AE39)/AB39*100 -> 35 | AE39: =AB39-AC39 -> 650
B40: 12 | C40: =MROUND(B40*100/$B$2,0.5) -> 1.5 | D40: Расширитель арки колеса сборка/установка | E40: 4 | F40: 35 | H40: =MROUND($H$4/100*C40,500) -> 500 | I40: =H40/100*F40 -> 175 | J40: =(H40-K40)/H40*100 -> 35 | K40: =H40-I40 -> 325 | M40: =MROUND($M$4/100*C40,500) -> 500 | N40: =M40/100*F40 -> 175 | O40: =(M40-P40)/M40*100 -> 35 | P40: =M40-N40 -> 325 | R40: =MROUND($R$4/100*C40,500) -> 500 | S40: =R40/100*F40 -> 175 | T40: =(R40-U40)/R40*100 -> 35 | U40: =R40-S40 -> 325 | W40: =MROUND($W$4/100*C40,500) -> 1000 | X40: =W40/100*F40 -> 350 | Y40: =(W40-Z40)/W40*100 -> 35 | Z40: =W40-X40 -> 650 | AB40: =MROUND($AB$4/100*C40,500) -> 1500 | AC40: =AB40/100*F40 -> 525 | AD40: =(AB40-AE40)/AB40*100 -> 35 | AE40: =AB40-AC40 -> 975
A42: Люк бензобака | B42: 8 | C42: =MROUND(B42*100/$B$2,0.5) -> 1 | D42: Люк бензобака съем | E42: 1 | F42: 35 | H42: =MROUND($H$4/100*C42,500) -> 500 | I42: =H42/100*F42 -> 175 | J42: =(H42-K42)/H42*100 -> 35 | K42: =H42-I42 -> 325 | M42: =MROUND($M$4/100*C42,500) -> 500 | N42: =M42/100*F42 -> 175 | O42: =(M42-P42)/M42*100 -> 35 | P42: =M42-N42 -> 325 | R42: =MROUND($R$4/100*C42,500) -> 500 | S42: =R42/100*F42 -> 175 | T42: =(R42-U42)/R42*100 -> 35 | U42: =R42-S42 -> 325 | W42: =MROUND($W$4/100*C42,500) -> 500 | X42: =W42/100*F42 -> 175 | Y42: =(W42-Z42)/W42*100 -> 35 | Z42: =W42-X42 -> 325 | AB42: =MROUND($AB$4/100*C42,500) -> 1000 | AC42: =AB42/100*F42 -> 350 | AD42: =(AB42-AE42)/AB42*100 -> 35 | AE42: =AB42-AC42 -> 650
B43: 8 | C43: =MROUND(B43*100/$B$2,0.5) -> 1 | D43: Люк бензобака установка | E43: 1 | F43: 35 | H43: =MROUND($H$4/100*C43,500) -> 500 | I43: =H43/100*F43 -> 175 | J43: =(H43-K43)/H43*100 -> 35 | K43: =H43-I43 -> 325 | M43: =MROUND($M$4/100*C43,500) -> 500 | N43: =M43/100*F43 -> 175 | O43: =(M43-P43)/M43*100 -> 35 | P43: =M43-N43 -> 325 | R43: =MROUND($R$4/100*C43,500) -> 500 | S43: =R43/100*F43 -> 175 | T43: =(R43-U43)/R43*100 -> 35 | U43: =R43-S43 -> 325 | W43: =MROUND($W$4/100*C43,500) -> 500 | X43: =W43/100*F43 -> 175 | Y43: =(W43-Z43)/W43*100 -> 35 | Z43: =W43-X43 -> 325 | AB43: =MROUND($AB$4/100*C43,500) -> 1000 | AC43: =AB43/100*F43 -> 350 | AD43: =(AB43-AE43)/AB43*100 -> 35 | AE43: =AB43-AC43 -> 650
A45: Накладки двери | B45: 15 | C45: =MROUND(B45*100/$B$2,0.5) -> 1.5 | D45: Накладка двери съем/разборка | E45: 4 | F45: 35 | H45: =MROUND($H$4/100*C45,500) -> 500 | I45: =H45/100*F45 -> 175 | J45: =(H45-K45)/H45*100 -> 35 | K45: =H45-I45 -> 325 | M45: =MROUND($M$4/100*C45,500) -> 500 | N45: =M45/100*F45 -> 175 | O45: =(M45-P45)/M45*100 -> 35 | P45: =M45-N45 -> 325 | R45: =MROUND($R$4/100*C45,500) -> 500 | S45: =R45/100*F45 -> 175 | T45: =(R45-U45)/R45*100 -> 35 | U45: =R45-S45 -> 325 | W45: =MROUND($W$4/100*C45,500) -> 1000 | X45: =W45/100*F45 -> 350 | Y45: =(W45-Z45)/W45*100 -> 35 | Z45: =W45-X45 -> 650 | AB45: =MROUND($AB$4/100*C45,500) -> 1500 | AC45: =AB45/100*F45 -> 525 | AD45: =(AB45-AE45)/AB45*100 -> 35 | AE45: =AB45-AC45 -> 975
B46: 15 | C46: =MROUND(B46*100/$B$2,0.5) -> 1.5 | D46: Накладка двери сборка/установка | E46: 4 | F46: 35 | H46: =MROUND($H$4/100*C46,500) -> 500 | I46: =H46/100*F46 -> 175 | J46: =(H46-K46)/H46*100 -> 35 | K46: =H46-I46 -> 325 | M46: =MROUND($M$4/100*C46,500) -> 500 | N46: =M46/100*F46 -> 175 | O46: =(M46-P46)/M46*100 -> 35 | P46: =M46-N46 -> 325 | R46: =MROUND($R$4/100*C46,500) -> 500 | S46: =R46/100*F46 -> 175 | T46: =(R46-U46)/R46*100 -> 35 | U46: =R46-S46 -> 325 | W46: =MROUND($W$4/100*C46,500) -> 1000 | X46: =W46/100*F46 -> 350 | Y46: =(W46-Z46)/W46*100 -> 35 | Z46: =W46-X46 -> 650 | AB46: =MROUND($AB$4/100*C46,500) -> 1500 | AC46: =AB46/100*F46 -> 525 | AD46: =(AB46-AE46)/AB46*100 -> 35 | AE46: =AB46-AC46 -> 975
A48: Наружняя ручка двери | B48: 10 | C48: =MROUND(B48*100/$B$2,0.5) -> 1 | D48: Наружняя ручка двери съем/разборка | E48: 4 | F48: 35 | H48: =MROUND($H$4/100*C48,500) -> 500 | I48: =H48/100*F48 -> 175 | J48: =(H48-K48)/H48*100 -> 35 | K48: =H48-I48 -> 325 | M48: =MROUND($M$4/100*C48,500) -> 500 | N48: =M48/100*F48 -> 175 | O48: =(M48-P48)/M48*100 -> 35 | P48: =M48-N48 -> 325 | R48: =MROUND($R$4/100*C48,500) -> 500 | S48: =R48/100*F48 -> 175 | T48: =(R48-U48)/R48*100 -> 35 | U48: =R48-S48 -> 325 | W48: =MROUND($W$4/100*C48,500) -> 500 | X48: =W48/100*F48 -> 175 | Y48: =(W48-Z48)/W48*100 -> 35 | Z48: =W48-X48 -> 325 | AB48: =MROUND($AB$4/100*C48,500) -> 1000 | AC48: =AB48/100*F48 -> 350 | AD48: =(AB48-AE48)/AB48*100 -> 35 | AE48: =AB48-AC48 -> 650
B49: 10 | C49: =MROUND(B49*100/$B$2,0.5) -> 1 | D49: Наружняя ручка двери сборка/установка | E49: 4 | F49: 35 | H49: =MROUND($H$4/100*C49,500) -> 500 | I49: =H49/100*F49 -> 175 | J49: =(H49-K49)/H49*100 -> 35 | K49: =H49-I49 -> 325 | M49: =MROUND($M$4/100*C49,500) -> 500 | N49: =M49/100*F49 -> 175 | O49: =(M49-P49)/M49*100 -> 35 | P49: =M49-N49 -> 325 | R49: =MROUND($R$4/100*C49,500) -> 500 | S49: =R49/100*F49 -> 175 | T49: =(R49-U49)/R49*100 -> 35 | U49: =R49-S49 -> 325 | W49: =MROUND($W$4/100*C49,500) -> 500 | X49: =W49/100*F49 -> 175 | Y49: =(W49-Z49)/W49*100 -> 35 | Z49: =W49-X49 -> 325 | AB49: =MROUND($AB$4/100*C49,500) -> 1000 | AC49: =AB49/100*F49 -> 350 | AD49: =(AB49-AE49)/AB49*100 -> 35 | AE49: =AB49-AC49 -> 650
A51: Наружнее зеркало | B51: 10 | C51: =MROUND(B51*100/$B$2,0.5) -> 1 | D51: Наружнее зеркало съем | E51: 2 | F51: 35 | H51: =MROUND($H$4/100*C51,500) -> 500 | I51: =H51/100*F51 -> 175 | J51: =(H51-K51)/H51*100 -> 35 | K51: =H51-I51 -> 325 | M51: =MROUND($M$4/100*C51,500) -> 500 | N51: =M51/100*F51 -> 175 | O51: =(M51-P51)/M51*100 -> 35 | P51: =M51-N51 -> 325 | R51: =MROUND($R$4/100*C51,500) -> 500 | S51: =R51/100*F51 -> 175 | T51: =(R51-U51)/R51*100 -> 35 | U51: =R51-S51 -> 325 | W51: =MROUND($W$4/100*C51,500) -> 500 | X51: =W51/100*F51 -> 175 | Y51: =(W51-Z51)/W51*100 -> 35 | Z51: =W51-X51 -> 325 | AB51: =MROUND($AB$4/100*C51,500) -> 1000 | AC51: =AB51/100*F51 -> 350 | AD51: =(AB51-AE51)/AB51*100 -> 35 | AE51: =AB51-AC51 -> 650
C52: =MROUND(B52*100/$B$2,0.5) -> 0 | D52: Наружнее зеркало разборка | E52: 2 | F52: 35 | H52: =MROUND($H$4/100*C52,500) -> 0 | I52: =H52/100*F52 -> 0 | J52: =(H52-K52)/H52*100 -> #DIV/0! | K52: =H52-I52 -> 0 | M52: =MROUND($M$4/100*C52,500) -> 0 | N52: =M52/100*F52 -> 0 | O52: =(M52-P52)/M52*100 -> #DIV/0! | P52: =M52-N52 -> 0 | R52: =MROUND($R$4/100*C52,500) -> 0 | S52: =R52/100*F52 -> 0 | T52: =(R52-U52)/R52*100 -> #DIV/0! | U52: =R52-S52 -> 0 | W52: =MROUND($W$4/100*C52,500) -> 0 | X52: =W52/100*F52 -> 0 | Y52: =(W52-Z52)/W52*100 -> #DIV/0! | Z52: =W52-X52 -> 0 | AB52: =MROUND($AB$4/100*C52,500) -> 0 | AC52: =AB52/100*F52 -> 0 | AD52: =(AB52-AE52)/AB52*100 -> #DIV/0! | AE52: =AB52-AC52 -> 0
C53: =MROUND(B53*100/$B$2,0.5) -> 0 | D53: Наружнее зеркало сборка | E53: 2 | F53: 35 | H53: =MROUND($H$4/100*C53,500) -> 0 | I53: =H53/100*F53 -> 0 | J53: =(H53-K53)/H53*100 -> #DIV/0! | K53: =H53-I53 -> 0 | M53: =MROUND($M$4/100*C53,500) -> 0 | N53: =M53/100*F53 -> 0 | O53: =(M53-P53)/M53*100 -> #DIV/0! | P53: =M53-N53 -> 0 | R53: =MROUND($R$4/100*C53,500) -> 0 | S53: =R53/100*F53 -> 0 | T53: =(R53-U53)/R53*100 -> #DIV/0! | U53: =R53-S53 -> 0 | W53: =MROUND($W$4/100*C53,500) -> 0 | X53: =W53/100*F53 -> 0 | Y53: =(W53-Z53)/W53*100 -> #DIV/0! | Z53: =W53-X53 -> 0 | AB53: =MROUND($AB$4/100*C53,500) -> 0 | AC53: =AB53/100*F53 -> 0 | AD53: =(AB53-AE53)/AB53*100 -> #DIV/0! | AE53: =AB53-AC53 -> 0
B54: 10 | C54: =MROUND(B54*100/$B$2,0.5) -> 1 | D54: Наружнее зеркало установка | E54: 2 | F54: 35 | H54: =MROUND($H$4/100*C54,500) -> 500 | I54: =H54/100*F54 -> 175 | J54: =(H54-K54)/H54*100 -> 35 | K54: =H54-I54 -> 325 | M54: =MROUND($M$4/100*C54,500) -> 500 | N54: =M54/100*F54 -> 175 | O54: =(M54-P54)/M54*100 -> 35 | P54: =M54-N54 -> 325 | R54: =MROUND($R$4/100*C54,500) -> 500 | S54: =R54/100*F54 -> 175 | T54: =(R54-U54)/R54*100 -> 35 | U54: =R54-S54 -> 325 | W54: =MROUND($W$4/100*C54,500) -> 500 | X54: =W54/100*F54 -> 175 | Y54: =(W54-Z54)/W54*100 -> 35 | Z54: =W54-X54 -> 325 | AB54: =MROUND($AB$4/100*C54,500) -> 1000 | AC54: =AB54/100*F54 -> 350 | AD54: =(AB54-AE54)/AB54*100 -> 35 | AE54: =AB54-AC54 -> 650
A56: Оконные молдинги двери | B56: 8 | C56: =MROUND(B56*100/$B$2,0.5) -> 1 | D56: Оконные молдинги двери съем | E56: 6 | F56: 35 | H56: =MROUND($H$4/100*C56,500) -> 500 | I56: =H56/100*F56 -> 175 | J56: =(H56-K56)/H56*100 -> 35 | K56: =H56-I56 -> 325 | M56: =MROUND($M$4/100*C56,500) -> 500 | N56: =M56/100*F56 -> 175 | O56: =(M56-P56)/M56*100 -> 35 | P56: =M56-N56 -> 325 | R56: =MROUND($R$4/100*C56,500) -> 500 | S56: =R56/100*F56 -> 175 | T56: =(R56-U56)/R56*100 -> 35 | U56: =R56-S56 -> 325 | W56: =MROUND($W$4/100*C56,500) -> 500 | X56: =W56/100*F56 -> 175 | Y56: =(W56-Z56)/W56*100 -> 35 | Z56: =W56-X56 -> 325 | AB56: =MROUND($AB$4/100*C56,500) -> 1000 | AC56: =AB56/100*F56 -> 350 | AD56: =(AB56-AE56)/AB56*100 -> 35 | AE56: =AB56-AC56 -> 650
C57: =MROUND(B57*100/$B$2,0.5) -> 0 | D57: Оконные молдинги двери разборка | E57: 6 | F57: 35 | H57: =MROUND($H$4/100*C57,500) -> 0 | I57: =H57/100*F57 -> 0 | J57: =(H57-K57)/H57*100 -> #DIV/0! | K57: =H57-I57 -> 0 | M57: =MROUND($M$4/100*C57,500) -> 0 | N57: =M57/100*F57 -> 0 | O57: =(M57-P57)/M57*100 -> #DIV/0! | P57: =M57-N57 -> 0 | R57: =MROUND($R$4/100*C57,500) -> 0 | S57: =R57/100*F57 -> 0 | T57: =(R57-U57)/R57*100 -> #DIV/0! | U57: =R57-S57 -> 0 | W57: =MROUND($W$4/100*C57,500) -> 0 | X57: =W57/100*F57 -> 0 | Y57: =(W57-Z57)/W57*100 -> #DIV/0! | Z57: =W57-X57 -> 0 | AB57: =MROUND($AB$4/100*C57,500) -> 0 | AC57: =AB57/100*F57 -> 0 | AD57: =(AB57-AE57)/AB57*100 -> #DIV/0! | AE57: =AB57-AC57 -> 0
C58: =MROUND(B58*100/$B$2,0.5) -> 0 | D58: Оконные молдинги двери сборка | E58: 6 | F58: 35 | H58: =MROUND($H$4/100*C58,500) -> 0 | I58: =H58/100*F58 -> 0 | J58: =(H58-K58)/H58*100 -> #DIV/0! | K58: =H58-I58 -> 0 | M58: =MROUND($M$4/100*C58,500) -> 0 | N58: =M58/100*F58 -> 0 | O58: =(M58-P58)/M58*100 -> #DIV/0! | P58: =M58-N58 -> 0 | R58: =MROUND($R$4/100*C58,500) -> 0 | S58: =R58/100*F58 -> 0 | T58: =(R58-U58)/R58*100 -> #DIV/0! | U58: =R58-S58 -> 0 | W58: =MROUND($W$4/100*C58,500) -> 0 | X58: =W58/100*F58 -> 0 | Y58: =(W58-Z58)/W58*100 -> #DIV/0! | Z58: =W58-X58 -> 0 | AB58: =MROUND($AB$4/100*C58,500) -> 0 | AC58: =AB58/100*F58 -> 0 | AD58: =(AB58-AE58)/AB58*100 -> #DIV/0! | AE58: =AB58-AC58 -> 0
B59: 8 | C59: =MROUND(B59*100/$B$2,0.5) -> 1 | D59: Оконные молдинги двери установка | E59: 6 | F59: 35 | H59: =MROUND($H$4/100*C59,500) -> 500 | I59: =H59/100*F59 -> 175 | J59: =(H59-K59)/H59*100 -> 35 | K59: =H59-I59 -> 325 | M59: =MROUND($M$4/100*C59,500) -> 500 | N59: =M59/100*F59 -> 175 | O59: =(M59-P59)/M59*100 -> 35 | P59: =M59-N59 -> 325 | R59: =MROUND($R$4/100*C59,500) -> 500 | S59: =R59/100*F59 -> 175 | T59: =(R59-U59)/R59*100 -> 35 | U59: =R59-S59 -> 325 | W59: =MROUND($W$4/100*C59,500) -> 500 | X59: =W59/100*F59 -> 175 | Y59: =(W59-Z59)/W59*100 -> 35 | Z59: =W59-X59 -> 325 | AB59: =MROUND($AB$4/100*C59,500) -> 1000 | AC59: =AB59/100*F59 -> 350 | AD59: =(AB59-AE59)/AB59*100 -> 35 | AE59: =AB59-AC59 -> 650
A61: Лееры (рейлинги) | B61: 7 | C61: =MROUND(B61*100/$B$2,0.5) -> 1 | D61: Лееры (рейлинги) съем/разборка | E61: 2 | F61: 35 | H61: =MROUND($H$4/100*C61,500) -> 500 | I61: =H61/100*F61 -> 175 | J61: =(H61-K61)/H61*100 -> 35 | K61: =H61-I61 -> 325 | M61: =MROUND($M$4/100*C61,500) -> 500 | N61: =M61/100*F61 -> 175 | O61: =(M61-P61)/M61*100 -> 35 | P61: =M61-N61 -> 325 | R61: =MROUND($R$4/100*C61,500) -> 500 | S61: =R61/100*F61 -> 175 | T61: =(R61-U61)/R61*100 -> 35 | U61: =R61-S61 -> 325 | W61: =MROUND($W$4/100*C61,500) -> 500 | X61: =W61/100*F61 -> 175 | Y61: =(W61-Z61)/W61*100 -> 35 | Z61: =W61-X61 -> 325 | AB61: =MROUND($AB$4/100*C61,500) -> 1000 | AC61: =AB61/100*F61 -> 350 | AD61: =(AB61-AE61)/AB61*100 -> 35 | AE61: =AB61-AC61 -> 650
B62: 7 | C62: =MROUND(B62*100/$B$2,0.5) -> 1 | D62: Лееры (рейлинги) сборка/установка | E62: 2 | F62: 35 | H62: =MROUND($H$4/100*C62,500) -> 500 | I62: =H62/100*F62 -> 175 | J62: =(H62-K62)/H62*100 -> 35 | K62: =H62-I62 -> 325 | M62: =MROUND($M$4/100*C62,500) -> 500 | N62: =M62/100*F62 -> 175 | O62: =(M62-P62)/M62*100 -> 35 | P62: =M62-N62 -> 325 | R62: =MROUND($R$4/100*C62,500) -> 500 | S62: =R62/100*F62 -> 175 | T62: =(R62-U62)/R62*100 -> 35 | U62: =R62-S62 -> 325 | W62: =MROUND($W$4/100*C62,500) -> 500 | X62: =W62/100*F62 -> 175 | Y62: =(W62-Z62)/W62*100 -> 35 | Z62: =W62-X62 -> 325 | AB62: =MROUND($AB$4/100*C62,500) -> 1000 | AC62: =AB62/100*F62 -> 350 | AD62: =(AB62-AE62)/AB62*100 -> 35 | AE62: =AB62-AC62 -> 650
A64: Накладки двери (крышки) багажника | B64: 10 | C64: =MROUND(B64*100/$B$2,0.5) -> 1 | D64: Накладки двери (крышки) багажника съем/разборка | E64: 1 | F64: 35 | H64: =MROUND($H$4/100*C64,500) -> 500 | I64: =H64/100*F64 -> 175 | J64: =(H64-K64)/H64*100 -> 35 | K64: =H64-I64 -> 325 | M64: =MROUND($M$4/100*C64,500) -> 500 | N64: =M64/100*F64 -> 175 | O64: =(M64-P64)/M64*100 -> 35 | P64: =M64-N64 -> 325 | R64: =MROUND($R$4/100*C64,500) -> 500 | S64: =R64/100*F64 -> 175 | T64: =(R64-U64)/R64*100 -> 35 | U64: =R64-S64 -> 325 | W64: =MROUND($W$4/100*C64,500) -> 500 | X64: =W64/100*F64 -> 175 | Y64: =(W64-Z64)/W64*100 -> 35 | Z64: =W64-X64 -> 325 | AB64: =MROUND($AB$4/100*C64,500) -> 1000 | AC64: =AB64/100*F64 -> 350 | AD64: =(AB64-AE64)/AB64*100 -> 35 | AE64: =AB64-AC64 -> 650
B65: 10 | C65: =MROUND(B65*100/$B$2,0.5) -> 1 | D65: Накладки двери (крышки) багажника сборка/установка | E65: 1 | F65: 35 | H65: =MROUND($H$4/100*C65,500) -> 500 | I65: =H65/100*F65 -> 175 | J65: =(H65-K65)/H65*100 -> 35 | K65: =H65-I65 -> 325 | M65: =MROUND($M$4/100*C65,500) -> 500 | N65: =M65/100*F65 -> 175 | O65: =(M65-P65)/M65*100 -> 35 | P65: =M65-N65 -> 325 | R65: =MROUND($R$4/100*C65,500) -> 500 | S65: =R65/100*F65 -> 175 | T65: =(R65-U65)/R65*100 -> 35 | U65: =R65-S65 -> 325 | W65: =MROUND($W$4/100*C65,500) -> 500 | X65: =W65/100*F65 -> 175 | Y65: =(W65-Z65)/W65*100 -> 35 | Z65: =W65-X65 -> 325 | AB65: =MROUND($AB$4/100*C65,500) -> 1000 | AC65: =AB65/100*F65 -> 350 | AD65: =(AB65-AE65)/AB65*100 -> 35 | AE65: =AB65-AC65 -> 650
A67: Накладки переднего крыла | B67: 8 | C67: =MROUND(B67*100/$B$2,0.5) -> 1 | D67: Накладки переднего крыла съем | E67: 2 | F67: 35 | H67: =MROUND($H$4/100*C67,500) -> 500 | I67: =H67/100*F67 -> 175 | J67: =(H67-K67)/H67*100 -> 35 | K67: =H67-I67 -> 325 | M67: =MROUND($M$4/100*C67,500) -> 500 | N67: =M67/100*F67 -> 175 | O67: =(M67-P67)/M67*100 -> 35 | P67: =M67-N67 -> 325 | R67: =MROUND($R$4/100*C67,500) -> 500 | S67: =R67/100*F67 -> 175 | T67: =(R67-U67)/R67*100 -> 35 | U67: =R67-S67 -> 325 | W67: =MROUND($W$4/100*C67,500) -> 500 | X67: =W67/100*F67 -> 175 | Y67: =(W67-Z67)/W67*100 -> 35 | Z67: =W67-X67 -> 325 | AB67: =MROUND($AB$4/100*C67,500) -> 1000 | AC67: =AB67/100*F67 -> 350 | AD67: =(AB67-AE67)/AB67*100 -> 35 | AE67: =AB67-AC67 -> 650
B68: 8 | C68: =MROUND(B68*100/$B$2,0.5) -> 1 | D68: Накладки переднего крыла установка | E68: 2 | F68: 35 | H68: =MROUND($H$4/100*C68,500) -> 500 | I68: =H68/100*F68 -> 175 | J68: =(H68-K68)/H68*100 -> 35 | K68: =H68-I68 -> 325 | M68: =MROUND($M$4/100*C68,500) -> 500 | N68: =M68/100*F68 -> 175 | O68: =(M68-P68)/M68*100 -> 35 | P68: =M68-N68 -> 325 | R68: =MROUND($R$4/100*C68,500) -> 500 | S68: =R68/100*F68 -> 175 | T68: =(R68-U68)/R68*100 -> 35 | U68: =R68-S68 -> 325 | W68: =MROUND($W$4/100*C68,500) -> 500 | X68: =W68/100*F68 -> 175 | Y68: =(W68-Z68)/W68*100 -> 35 | Z68: =W68-X68 -> 325 | AB68: =MROUND($AB$4/100*C68,500) -> 1000 | AC68: =AB68/100*F68 -> 350 | AD68: =(AB68-AE68)/AB68*100 -> 35 | AE68: =AB68-AC68 -> 650
A70: Накладки заднего крыла | B70: 8 | C70: =MROUND(B70*100/$B$2,0.5) -> 1 | D70: Накладки заднего крыла съем | E70: 2 | F70: 35 | H70: =MROUND($H$4/100*C70,500) -> 500 | I70: =H70/100*F70 -> 175 | J70: =(H70-K70)/H70*100 -> 35 | K70: =H70-I70 -> 325 | M70: =MROUND($M$4/100*C70,500) -> 500 | N70: =M70/100*F70 -> 175 | O70: =(M70-P70)/M70*100 -> 35 | P70: =M70-N70 -> 325 | R70: =MROUND($R$4/100*C70,500) -> 500 | S70: =R70/100*F70 -> 175 | T70: =(R70-U70)/R70*100 -> 35 | U70: =R70-S70 -> 325 | W70: =MROUND($W$4/100*C70,500) -> 500 | X70: =W70/100*F70 -> 175 | Y70: =(W70-Z70)/W70*100 -> 35 | Z70: =W70-X70 -> 325 | AB70: =MROUND($AB$4/100*C70,500) -> 1000 | AC70: =AB70/100*F70 -> 350 | AD70: =(AB70-AE70)/AB70*100 -> 35 | AE70: =AB70-AC70 -> 650
B71: 8 | C71: =MROUND(B71*100/$B$2,0.5) -> 1 | D71: Накладки заднего крыла установка | E71: 2 | F71: 35 | H71: =MROUND($H$4/100*C71,500) -> 500 | I71: =H71/100*F71 -> 175 | J71: =(H71-K71)/H71*100 -> 35 | K71: =H71-I71 -> 325 | M71: =MROUND($M$4/100*C71,500) -> 500 | N71: =M71/100*F71 -> 175 | O71: =(M71-P71)/M71*100 -> 35 | P71: =M71-N71 -> 325 | R71: =MROUND($R$4/100*C71,500) -> 500 | S71: =R71/100*F71 -> 175 | T71: =(R71-U71)/R71*100 -> 35 | U71: =R71-S71 -> 325 | W71: =MROUND($W$4/100*C71,500) -> 500 | X71: =W71/100*F71 -> 175 | Y71: =(W71-Z71)/W71*100 -> 35 | Z71: =W71-X71 -> 325 | AB71: =MROUND($AB$4/100*C71,500) -> 1000 | AC71: =AB71/100*F71 -> 350 | AD71: =(AB71-AE71)/AB71*100 -> 35 | AE71: =AB71-AC71 -> 650
A73: Защита двигателя | B73: 15 | C73: =MROUND(B73*100/$B$2,0.5) -> 1.5 | D73: Защита двигателя съем | E73: 1 | F73: 35 | H73: =MROUND($H$4/100*C73,500) -> 500 | I73: =H73/100*F73 -> 175 | J73: =(H73-K73)/H73*100 -> 35 | K73: =H73-I73 -> 325 | M73: =MROUND($M$4/100*C73,500) -> 500 | N73: =M73/100*F73 -> 175 | O73: =(M73-P73)/M73*100 -> 35 | P73: =M73-N73 -> 325 | R73: =MROUND($R$4/100*C73,500) -> 500 | S73: =R73/100*F73 -> 175 | T73: =(R73-U73)/R73*100 -> 35 | U73: =R73-S73 -> 325 | W73: =MROUND($W$4/100*C73,500) -> 1000 | X73: =W73/100*F73 -> 350 | Y73: =(W73-Z73)/W73*100 -> 35 | Z73: =W73-X73 -> 650 | AB73: =MROUND($AB$4/100*C73,500) -> 1500 | AC73: =AB73/100*F73 -> 525 | AD73: =(AB73-AE73)/AB73*100 -> 35 | AE73: =AB73-AC73 -> 975
B74: 15 | C74: =MROUND(B74*100/$B$2,0.5) -> 1.5 | D74: Защита двигателя установка | E74: 1 | F74: 35 | H74: =MROUND($H$4/100*C74,500) -> 500 | I74: =H74/100*F74 -> 175 | J74: =(H74-K74)/H74*100 -> 35 | K74: =H74-I74 -> 325 | M74: =MROUND($M$4/100*C74,500) -> 500 | N74: =M74/100*F74 -> 175 | O74: =(M74-P74)/M74*100 -> 35 | P74: =M74-N74 -> 325 | R74: =MROUND($R$4/100*C74,500) -> 500 | S74: =R74/100*F74 -> 175 | T74: =(R74-U74)/R74*100 -> 35 | U74: =R74-S74 -> 325 | W74: =MROUND($W$4/100*C74,500) -> 1000 | X74: =W74/100*F74 -> 350 | Y74: =(W74-Z74)/W74*100 -> 35 | Z74: =W74-X74 -> 650 | AB74: =MROUND($AB$4/100*C74,500) -> 1500 | AC74: =AB74/100*F74 -> 525 | AD74: =(AB74-AE74)/AB74*100 -> 35 | AE74: =AB74-AC74 -> 975
A76: Дверная карта | B76: 20 | C76: =MROUND(B76*100/$B$2,0.5) -> 2.5 | D76: Дверная карта съем/разборка | E76: 4 | F76: 35 | H76: =MROUND($H$4/100*C76,500) -> 1000 | I76: =H76/100*F76 -> 350 | J76: =(H76-K76)/H76*100 -> 35 | K76: =H76-I76 -> 650 | M76: =MROUND($M$4/100*C76,500) -> 1000 | N76: =M76/100*F76 -> 350 | O76: =(M76-P76)/M76*100 -> 35 | P76: =M76-N76 -> 650 | R76: =MROUND($R$4/100*C76,500) -> 1000 | S76: =R76/100*F76 -> 350 | T76: =(R76-U76)/R76*100 -> 35 | U76: =R76-S76 -> 650 | W76: =MROUND($W$4/100*C76,500) -> 1500 | X76: =W76/100*F76 -> 525 | Y76: =(W76-Z76)/W76*100 -> 35 | Z76: =W76-X76 -> 975 | AB76: =MROUND($AB$4/100*C76,500) -> 2000 | AC76: =AB76/100*F76 -> 700 | AD76: =(AB76-AE76)/AB76*100 -> 35 | AE76: =AB76-AC76 -> 1300
B77: 20 | C77: =MROUND(B77*100/$B$2,0.5) -> 2.5 | D77: Дверная карта сборка/установка | E77: 4 | F77: 35 | H77: =MROUND($H$4/100*C77,500) -> 1000 | I77: =H77/100*F77 -> 350 | J77: =(H77-K77)/H77*100 -> 35 | K77: =H77-I77 -> 650 | M77: =MROUND($M$4/100*C77,500) -> 1000 | N77: =M77/100*F77 -> 350 | O77: =(M77-P77)/M77*100 -> 35 | P77: =M77-N77 -> 650 | R77: =MROUND($R$4/100*C77,500) -> 1000 | S77: =R77/100*F77 -> 350 | T77: =(R77-U77)/R77*100 -> 35 | U77: =R77-S77 -> 650 | W77: =MROUND($W$4/100*C77,500) -> 1500 | X77: =W77/100*F77 -> 525 | Y77: =(W77-Z77)/W77*100 -> 35 | Z77: =W77-X77 -> 975 | AB77: =MROUND($AB$4/100*C77,500) -> 2000 | AC77: =AB77/100*F77 -> 700 | AD77: =(AB77-AE77)/AB77*100 -> 35 | AE77: =AB77-AC77 -> 1300
A79: Обшивка потолка | B79: 90 | C79: =MROUND(B79*100/$B$2,0.5) -> 10.5 | D79: Обшивка потолка съем/разборка | E79: 1 | F79: 35 | H79: =MROUND($H$4/100*C79,500) -> 3500 | I79: =H79/100*F79 -> 1225 | J79: =(H79-K79)/H79*100 -> 35 | K79: =H79-I79 -> 2275 | M79: =MROUND($M$4/100*C79,500) -> 3500 | N79: =M79/100*F79 -> 1225 | O79: =(M79-P79)/M79*100 -> 35 | P79: =M79-N79 -> 2275 | R79: =MROUND($R$4/100*C79,500) -> 4500 | S79: =R79/100*F79 -> 1575 | T79: =(R79-U79)/R79*100 -> 35 | U79: =R79-S79 -> 2925 | W79: =MROUND($W$4/100*C79,500) -> 6000 | X79: =W79/100*F79 -> 2100 | Y79: =(W79-Z79)/W79*100 -> 35 | Z79: =W79-X79 -> 3900 | AB79: =MROUND($AB$4/100*C79,500) -> 9000 | AC79: =AB79/100*F79 -> 3150 | AD79: =(AB79-AE79)/AB79*100 -> 35 | AE79: =AB79-AC79 -> 5850
B80: 90 | C80: =MROUND(B80*100/$B$2,0.5) -> 10.5 | D80: Обшивка потолка сборка/установка | E80: 1 | F80: 35 | H80: =MROUND($H$4/100*C80,500) -> 3500 | I80: =H80/100*F80 -> 1225 | J80: =(H80-K80)/H80*100 -> 35 | K80: =H80-I80 -> 2275 | M80: =MROUND($M$4/100*C80,500) -> 3500 | N80: =M80/100*F80 -> 1225 | O80: =(M80-P80)/M80*100 -> 35 | P80: =M80-N80 -> 2275 | R80: =MROUND($R$4/100*C80,500) -> 4500 | S80: =R80/100*F80 -> 1575 | T80: =(R80-U80)/R80*100 -> 35 | U80: =R80-S80 -> 2925 | W80: =MROUND($W$4/100*C80,500) -> 6000 | X80: =W80/100*F80 -> 2100 | Y80: =(W80-Z80)/W80*100 -> 35 | Z80: =W80-X80 -> 3900 | AB80: =MROUND($AB$4/100*C80,500) -> 9000 | AC80: =AB80/100*F80 -> 3150 | AD80: =(AB80-AE80)/AB80*100 -> 35 | AE80: =AB80-AC80 -> 5850
A82: Обшивка двери (крышки) багажника | B82: 10 | C82: =MROUND(B82*100/$B$2,0.5) -> 1 | D82: Обшивка двери (крышки) багажника съем/разборка | E82: 1 | F82: 35 | H82: =MROUND($H$4/100*C82,500) -> 500 | I82: =H82/100*F82 -> 175 | J82: =(H82-K82)/H82*100 -> 35 | K82: =H82-I82 -> 325 | M82: =MROUND($M$4/100*C82,500) -> 500 | N82: =M82/100*F82 -> 175 | O82: =(M82-P82)/M82*100 -> 35 | P82: =M82-N82 -> 325 | R82: =MROUND($R$4/100*C82,500) -> 500 | S82: =R82/100*F82 -> 175 | T82: =(R82-U82)/R82*100 -> 35 | U82: =R82-S82 -> 325 | W82: =MROUND($W$4/100*C82,500) -> 500 | X82: =W82/100*F82 -> 175 | Y82: =(W82-Z82)/W82*100 -> 35 | Z82: =W82-X82 -> 325 | AB82: =MROUND($AB$4/100*C82,500) -> 1000 | AC82: =AB82/100*F82 -> 350 | AD82: =(AB82-AE82)/AB82*100 -> 35 | AE82: =AB82-AC82 -> 650
B83: 10 | C83: =MROUND(B83*100/$B$2,0.5) -> 1 | D83: Обшивка двери (крышки) багажника сборка/установка | E83: 1 | F83: 35 | H83: =MROUND($H$4/100*C83,500) -> 500 | I83: =H83/100*F83 -> 175 | J83: =(H83-K83)/H83*100 -> 35 | K83: =H83-I83 -> 325 | M83: =MROUND($M$4/100*C83,500) -> 500 | N83: =M83/100*F83 -> 175 | O83: =(M83-P83)/M83*100 -> 35 | P83: =M83-N83 -> 325 | R83: =MROUND($R$4/100*C83,500) -> 500 | S83: =R83/100*F83 -> 175 | T83: =(R83-U83)/R83*100 -> 35 | U83: =R83-S83 -> 325 | W83: =MROUND($W$4/100*C83,500) -> 500 | X83: =W83/100*F83 -> 175 | Y83: =(W83-Z83)/W83*100 -> 35 | Z83: =W83-X83 -> 325 | AB83: =MROUND($AB$4/100*C83,500) -> 1000 | AC83: =AB83/100*F83 -> 350 | AD83: =(AB83-AE83)/AB83*100 -> 35 | AE83: =AB83-AC83 -> 650
A85: Шильдики | B85: 8 | C85: =MROUND(B85*100/$B$2,0.5) -> 1 | D85: Шильдики съем | E85: 1 | F85: 35 | H85: =MROUND($H$4/100*C85,500) -> 500 | I85: =H85/100*F85 -> 175 | J85: =(H85-K85)/H85*100 -> 35 | K85: =H85-I85 -> 325 | M85: =MROUND($M$4/100*C85,500) -> 500 | N85: =M85/100*F85 -> 175 | O85: =(M85-P85)/M85*100 -> 35 | P85: =M85-N85 -> 325 | R85: =MROUND($R$4/100*C85,500) -> 500 | S85: =R85/100*F85 -> 175 | T85: =(R85-U85)/R85*100 -> 35 | U85: =R85-S85 -> 325 | W85: =MROUND($W$4/100*C85,500) -> 500 | X85: =W85/100*F85 -> 175 | Y85: =(W85-Z85)/W85*100 -> 35 | Z85: =W85-X85 -> 325 | AB85: =MROUND($AB$4/100*C85,500) -> 1000 | AC85: =AB85/100*F85 -> 350 | AD85: =(AB85-AE85)/AB85*100 -> 35 | AE85: =AB85-AC85 -> 650
B86: 20 | C86: =MROUND(B86*100/$B$2,0.5) -> 2.5 | D86: Шильдики установка | E86: 1 | F86: 35 | H86: =MROUND($H$4/100*C86,500) -> 1000 | I86: =H86/100*F86 -> 350 | J86: =(H86-K86)/H86*100 -> 35 | K86: =H86-I86 -> 650 | M86: =MROUND($M$4/100*C86,500) -> 1000 | N86: =M86/100*F86 -> 350 | O86: =(M86-P86)/M86*100 -> 35 | P86: =M86-N86 -> 650 | R86: =MROUND($R$4/100*C86,500) -> 1000 | S86: =R86/100*F86 -> 350 | T86: =(R86-U86)/R86*100 -> 35 | U86: =R86-S86 -> 650 | W86: =MROUND($W$4/100*C86,500) -> 1500 | X86: =W86/100*F86 -> 525 | Y86: =(W86-Z86)/W86*100 -> 35 | Z86: =W86-X86 -> 975 | AB86: =MROUND($AB$4/100*C86,500) -> 2000 | AC86: =AB86/100*F86 -> 700 | AD86: =(AB86-AE86)/AB86*100 -> 35 | AE86: =AB86-AC86 -> 1300
A98: Обшивка пола | D98: Обшивка пола съем | E98: 1
D99: Обшивка пола установка | E99: 1
A101: Обшивка багажного отделения | D101: Обшивка багажного отделения съем | E101: 1
D102: Обшивка багажного отделения установка | E102: 1
A104: Кресло | D104: Кресло съем | E104: 2
D105: Кресло установка | E105: 2
A107: Диван | D107: Диван съем | E107: 1
D108: Диван установка | E108: 1
A110: Рулевое колесо | D110: Рулевое колесо съем | E110: 1
D111: Рулевоек колесо установка | E111: 1
A113: Торпедо | D113: Торпедо съем | E113: 1
D114: Торпедо разборка | E114: 1
D115: Торпедо сборка | E115: 1
D116: Торпедо установка | E116: 1
A118: Центральная консоль | D118: Центральная консоль съем | E118: 1
D119: Центральная консоль разборка | E119: 1
D120: Центральная консоль сборка | E120: 1
D121: Центральная консоль установка | E121: 1
A123: Дверь | D123: Дверь съем | E123: 1
D124: Дверь установка | E124: 1
A126: Капот | D126: Капот съем | E126: 1
D127: Капот установка | E127: 1
A129: Крышка (дверь) багажника | D129: Крышка (дверь) багажника съем | E129: 1
D130: Крышка (дверь) багажника установка | E130: 1
A132: Стекло двери | D132: Стекло двери съем | E132: 1
D133: Стекло двери установка | E133: 1
A135: Накладка проема | D135: Накладка проема съем | E135: 1
D136: Накладка проема установка | E136: 1
A138: Локер | D138: Локер съем | E138: 1
D139: Локер установка | E139: 1
A141: Крыло переднее | D141: Крыло переднее съем | E141: 1
D142: Крыло переднее установка | E142: 1
A144: Поводок дворника | D144: Поводок дворника съем | E144: 1
D145: Поводок дворника установка | E145: 1

Sheet АРМАТУРНЫЕ РАБОТЫ
M2: ФОТ, % | N2: ФОТ, руб | O2: GPM, % | P2: GP, руб | S2: ФОТ, % | T2: ФОТ, руб | U2: GPM, % | V2: GP, руб | Y2: ФОТ, % | Z2: ФОТ, руб | AA2: GPM, % | AB2: GP, руб | AE2: ФОТ, % | AF2: ФОТ, руб | AG2: GPM, % | AH2: GP, руб | AK2: ФОТ, % | AL2: ФОТ, руб | AM2: GPM, % | AN2: GP, руб
B4: № п.п. | D4: ВИД РАБОТ | L4: СТОИМОСТЬ РАБОТ
L6: 1 класс | R6: 2 класс | X6: 3 класс | AD6: 4 класс | AJ6: 4+ класс
B8: АРМАТУРНЫЕ РАБОТЫ
B10: 1 | D10: БАМПЕР ЗАДНИЙ | H10: Задний бампер съем | L10: 1000 | M10: 35 | N10: =L10/100*M10 -> 350 | O10: =(L10-P10)/L10*100 -> 35 | P10: =L10-N10 -> 650 | R10: 1000 | S10: 35 | T10: =R10/100*S10 -> 350 | U10: =(R10-V10)/R10*100 -> 35 | V10: =R10-T10 -> 650 | X10: 1000 | Y10: 35 | Z10: =X10/100*Y10 -> 350 | AA10: =(X10-AB10)/X10*100 -> 35 | AB10: =X10-Z10 -> 650 | AD10: 1500 | AE10: 35 | AF10: =AD10/100*AE10 -> 525 | AG10: =(AD10-AH10)/AD10*100 -> 35 | AH10: =AD10-AF10 -> 975 | AJ10: 2000 | AK10: 35 | AL10: =AJ10/100*AK10 -> 700 | AM10: =(AJ10-AN10)/AJ10*100 -> 35 | AN10: =AJ10-AL10 -> 1300
H11: Задний бампер разборка | L11: 1000 | M11: 35 | N11: =L11/100*M11 -> 350 | O11: =(L11-P11)/L11*100 -> 35 | P11: =L11-N11 -> 650 | R11: 1000 | S11: 35 | T11: =R11/100*S11 -> 350 | U11: =(R11-V11)/R11*100 -> 35 | V11: =R11-T11 -> 650 | X11: 1000 | Y11: 35 | Z11: =X11/100*Y11 -> 350 | AA11: =(X11-AB11)/X11*100 -> 35 | AB11: =X11-Z11 -> 650 | AD11: 1500 | AE11: 35 | AF11: =AD11/100*AE11 -> 525 | AG11: =(AD11-AH11)/AD11*100 -> 35 | AH11: =AD11-AF11 -> 975 | AJ11: 2000 | AK11: 35 | AL11: =AJ11/100*AK11 -> 700 | AM11: =(AJ11-AN11)/AJ11*100 -> 35 | AN11: =AJ11-AL11 -> 1300
H12: Задний бампер сборка | L12: 1000 | M12: 35 | N12: =L12/100*M12 -> 350 | O12: =(L12-P12)/L12*100 -> 35 | P12: =L12-N12 -> 650 | R12: 1000 | S12: 35 | T12: =R12/100*S12 -> 350 | U12: =(R12-V12)/R12*100 -> 35 | V12: =R12-T12 -> 650 | X12: 1000 | Y12: 35 | Z12: =X12/100*Y12 -> 350 | AA12: =(X12-AB12)/X12*100 -> 35 | AB12: =X12-Z12 -> 650 | AD12: 1500 | AE12: 35 | AF12: =AD12/100*AE12 -> 525 | AG12: =(AD12-AH12)/AD12*100 -> 35 | AH12: =AD12-AF12 -> 975 | AJ12: 2000 | AK12: 35 | AL12: =AJ12/100*AK12 -> 700 | AM12: =(AJ12-AN12)/AJ12*100 -> 35 | AN12: =AJ12-AL12 -> 1300
H13: Задний бампер установка | L13: 1000 | M13: 35 | N13: =L13/100*M13 -> 350 | O13: =(L13-P13)/L13*100 -> 35 | P13: =L13-N13 -> 650 | R13: 1000 | S13: 35 | T13: =R13/100*S13 -> 350 | U13: =(R13-V13)/R13*100 -> 35 | V13: =R13-T13 -> 650 | X13: 1000 | Y13: 35 | Z13: =X13/100*Y13 -> 350 | AA13: =(X13-AB13)/X13*100 -> 35 | AB13: =X13-Z13 -> 650 | AD13: 1500 | AE13: 35 | AF13: =AD13/100*AE13 -> 525 | AG13: =(AD13-AH13)/AD13*100 -> 35 | AH13: =AD13-AF13 -> 975 | AJ13: 2000 | AK13: 35 | AL13: =AJ13/100*AK13 -> 700 | AM13: =(AJ13-AN13)/AJ13*100 -> 35 | AN13: =AJ13-AL13 -> 1300
B15: 2 | D15: БАМПЕР ПЕРЕДНИЙ | H15: Передний бампер съем | L15: 1000 | M15: 35 | N15: =L15/100*M15 -> 350 | O15: =(L15-P15)/L15*100 -> 35 | P15: =L15-N15 -> 650 | R15: 1000 | S15: 35 | T15: =R15/100*S15 -> 350 | U15: =(R15-V15)/R15*100 -> 35 | V15: =R15-T15 -> 650 | X15: 1500 | Y15: 35 | Z15: =X15/100*Y15 -> 525 | AA15: =(X15-AB15)/X15*100 -> 35 | AB15: =X15-Z15 -> 975 | AD15: 2000 | AE15: 35 | AF15: =AD15/100*AE15 -> 700 | AG15: =(AD15-AH15)/AD15*100 -> 35 | AH15: =AD15-AF15 -> 1300 | AJ15: 2500 | AK15: 35 | AL15: =AJ15/100*AK15 -> 875 | AM15: =(AJ15-AN15)/AJ15*100 -> 35 | AN15: =AJ15-AL15 -> 1625
H16: Передний бампер разборка | L16: 1000 | M16: 35 | N16: =L16/100*M16 -> 350 | O16: =(L16-P16)/L16*100 -> 35 | P16: =L16-N16 -> 650 | R16: 1000 | S16: 35 | T16: =R16/100*S16 -> 350 | U16: =(R16-V16)/R16*100 -> 35 | V16: =R16-T16 -> 650 | X16: 1000 | Y16: 35 | Z16: =X16/100*Y16 -> 350 | AA16: =(X16-AB16)/X16*100 -> 35 | AB16: =X16-Z16 -> 650 | AD16: 1500 | AE16: 35 | AF16: =AD16/100*AE16 -> 525 | AG16: =(AD16-AH16)/AD16*100 -> 35 | AH16: =AD16-AF16 -> 975 | AJ16: 2000 | AK16: 35 | AL16: =AJ16/100*AK16 -> 700 | AM16: =(AJ16-AN16)/AJ16*100 -> 35 | AN16: =AJ16-AL16 -> 1300
H17: Передний бампер сборка | L17: 1000 | M17: 35 | N17: =L17/100*M17 -> 350 | O17: =(L17-P17)/L17*100 -> 35 | P17: =L17-N17 -> 650 | R17: 1000 | S17: 35 | T17: =R17/100*S17 -> 350 | U17: =(R17-V17)/R17*100 -> 35 | V17: =R17-T17 -> 650 | X17: 1000 | Y17: 35 | Z17: =X17/100*Y17 -> 350 | AA17: =(X17-AB17)/X17*100 -> 35 | AB17: =X17-Z17 -> 650 | AD17: 1500 | AE17: 35 | AF17: =AD17/100*AE17 -> 525 | AG17: =(AD17-AH17)/AD17*100 -> 35 | AH17: =AD17-AF17 -> 975 | AJ17: 2000 | AK17: 35 | AL17: =AJ17/100*AK17 -> 700 | AM17: =(AJ17-AN17)/AJ17*100 -> 35 | AN17: =AJ17-AL17 -> 1300
H18: Передний бампер установка | L18: 1000 | M18: 35 | N18: =L18/100*M18 -> 350 | O18: =(L18-P18)/L18*100 -> 35 | P18: =L18-N18 -> 650 | R18: 1000 | S18: 35 | T18: =R18/100*S18 -> 350 | U18: =(R18-V18)/R18*100 -> 35 | V18: =R18-T18 -> 650 | X18: 1500 | Y18: 35 | Z18: =X18/100*Y18 -> 525 | AA18: =(X18-AB18)/X18*100 -> 35 | AB18: =X18-Z18 -> 975 | AD18: 2000 | AE18: 35 | AF18: =AD18/100*AE18 -> 700 | AG18: =(AD18-AH18)/AD18*100 -> 35 | AH18: =AD18-AF18 -> 1300 | AJ18: 2500 | AK18: 35 | AL18: =AJ18/100*AK18 -> 875 | AM18: =(AJ18-AN18)/AJ18*100 -> 35 | AN18: =AJ18-AL18 -> 1625
B20: 3 | D20: ДВЕРЬ | H20: Дверь съем | L20: 1000 | M20: 35 | N20: =L20/100*M20 -> 350 | O20: =(L20-P20)/L20*100 -> 35 | P20: =L20-N20 -> 650 | R20: 1000 | S20: 35 | T20: =R20/100*S20 -> 350 | U20: =(R20-V20)/R20*100 -> 35 | V20: =R20-T20 -> 650 | X20: 1500 | Y20: 35 | Z20: =X20/100*Y20 -> 525 | AA20: =(X20-AB20)/X20*100 -> 35 | AB20: =X20-Z20 -> 975 | AD20: 1500 | AE20: 35 | AF20: =AD20/100*AE20 -> 525 | AG20: =(AD20-AH20)/AD20*100 -> 35 | AH20: =AD20-AF20 -> 975 | AJ20: 2000 | AK20: 35 | AL20: =AJ20/100*AK20 -> 700 | AM20: =(AJ20-AN20)/AJ20*100 -> 35 | AN20: =AJ20-AL20 -> 1300
H21: Дверь установка | L21: 1000 | M21: 35 | N21: =L21/100*M21 -> 350 | O21: =(L21-P21)/L21*100 -> 35 | P21: =L21-N21 -> 650 | R21: 1000 | S21: 35 | T21: =R21/100*S21 -> 350 | U21: =(R21-V21)/R21*100 -> 35 | V21: =R21-T21 -> 650 | X21: 1500 | Y21: 35 | Z21: =X21/100*Y21 -> 525 | AA21: =(X21-AB21)/X21*100 -> 35 | AB21: =X21-Z21 -> 975 | AD21: 1500 | AE21: 35 | AF21: =AD21/100*AE21 -> 525 | AG21: =(AD21-AH21)/AD21*100 -> 35 | AH21: =AD21-AF21 -> 975 | AJ21: 2000 | AK21: 35 | AL21: =AJ21/100*AK21 -> 700 | AM21: =(AJ21-AN21)/AJ21*100 -> 35 | AN21: =AJ21-AL21 -> 1300
B23: 4 | D23: ДВЕРНАЯ КАРТА | H23: Дверная карта съем/разборка | L23: 500 | M23: 35 | N23: =L23/100*M23 -> 175 | O23: =(L23-P23)/L23*100 -> 35 | P23: =L23-N23 -> 325 | R23: 500 | S23: 35 | T23: =R23/100*S23 -> 175 | U23: =(R23-V23)/R23*100 -> 35 | V23: =R23-T23 -> 325 | X23: 500 | Y23: 35 | Z23: =X23/100*Y23 -> 175 | AA23: =(X23-AB23)/X23*100 -> 35 | AB23: =X23-Z23 -> 325 | AD23: 750 | AE23: 35 | AF23: =AD23/100*AE23 -> 262.5 | AG23: =(AD23-AH23)/AD23*100 -> 35 | AH23: =AD23-AF23 -> 487.5 | AJ23: 1000 | AK23: 35 | AL23: =AJ23/100*AK23 -> 350 | AM23: =(AJ23-AN23)/AJ23*100 -> 35 | AN23: =AJ23-AL23 -> 650
H24: Дверная карта сборка/установка | L24: 500 | M24: 35 | N24: =L24/100*M24 -> 175 | O24: =(L24-P24)/L24*100 -> 35 | P24: =L24-N24 -> 325 | R24: 500 | S24: 35 | T24: =R24/100*S24 -> 175 | U24: =(R24-V24)/R24*100 -> 35 | V24: =R24-T24 -> 325 | X24: 500 | Y24: 35 | Z24: =X24/100*Y24 -> 175 | AA24: =(X24-AB24)/X24*100 -> 35 | AB24: =X24-Z24 -> 325 | AD24: 750 | AE24: 35 | AF24: =AD24/100*AE24 -> 262.5 | AG24: =(AD24-AH24)/AD24*100 -> 35 | AH24: =AD24-AF24 -> 487.5 | AJ24: 1000 | AK24: 35 | AL24: =AJ24/100*AK24 -> 350 | AM24: =(AJ24-AN24)/AJ24*100 -> 35 | AN24: =AJ24-AL24 -> 650
B26: 5 | D26: ДИВАН | H26: Диван съем | L26: 500 | M26: 35 | N26: =L26/100*M26 -> 175 | O26: =(L26-P26)/L26*100 -> 35 | P26: =L26-N26 -> 325 | R26: 500 | S26: 35 | T26: =R26/100*S26 -> 175 | U26: =(R26-V26)/R26*100 -> 35 | V26: =R26-T26 -> 325 | X26: 500 | Y26: 35 | Z26: =X26/100*Y26 -> 175 | AA26: =(X26-AB26)/X26*100 -> 35 | AB26: =X26-Z26 -> 325 | AD26: 500 | AE26: 35 | AF26: =AD26/100*AE26 -> 175 | AG26: =(AD26-AH26)/AD26*100 -> 35 | AH26: =AD26-AF26 -> 325 | AJ26: 750 | AK26: 35 | AL26: =AJ26/100*AK26 -> 262.5 | AM26: =(AJ26-AN26)/AJ26*100 -> 35 | AN26: =AJ26-AL26 -> 487.5
H27: Диван установка | L27: 500 | M27: 35 | N27: =L27/100*M27 -> 175 | O27: =(L27-P27)/L27*100 -> 35 | P27: =L27-N27 -> 325 | R27: 500 | S27: 35 | T27: =R27/100*S27 -> 175 | U27: =(R27-V27)/R27*100 -> 35 | V27: =R27-T27 -> 325 | X27: 500 | Y27: 35 | Z27: =X27/100*Y27 -> 175 | AA27: =(X27-AB27)/X27*100 -> 35 | AB27: =X27-Z27 -> 325 | AD27: 500 | AE27: 35 | AF27: =AD27/100*AE27 -> 175 | AG27: =(AD27-AH27)/AD27*100 -> 35 | AH27: =AD27-AF27 -> 325 | AJ27: 750 | AK27: 35 | AL27: =AJ27/100*AK27 -> 262.5 | AM27: =(AJ27-AN27)/AJ27*100 -> 35 | AN27: =AJ27-AL27 -> 487.5
B29: 6 | D29: ЗАЩИТА ДВГАТЕЛЯ | H29: Защита двигателя съем | L29: 500 | M29: 35 | N29: =L29/100*M29 -> 175 | O29: =(L29-P29)/L29*100 -> 35 | P29: =L29-N29 -> 325 | R29: 500 | S29: 35 | T29: =R29/100*S29 -> 175 | U29: =(R29-V29)/R29*100 -> 35 | V29: =R29-T29 -> 325 | X29: 500 | Y29: 35 | Z29: =X29/100*Y29 -> 175 | AA29: =(X29-AB29)/X29*100 -> 35 | AB29: =X29-Z29 -> 325 | AD29: 1000 | AE29: 35 | AF29: =AD29/100*AE29 -> 350 | AG29: =(AD29-AH29)/AD29*100 -> 35 | AH29: =AD29-AF29 -> 650 | AJ29: 1500 | AK29: 35 | AL29: =AJ29/100*AK29 -> 525 | AM29: =(AJ29-AN29)/AJ29*100 -> 35 | AN29: =AJ29-AL29 -> 975
H30: Защита двигателя установка | L30: 500 | M30: 35 | N30: =L30/100*M30 -> 175 | O30: =(L30-P30)/L30*100 -> 35 | P30: =L30-N30 -> 325 | R30: 500 | S30: 35 | T30: =R30/100*S30 -> 175 | U30: =(R30-V30)/R30*100 -> 35 | V30: =R30-T30 -> 325 | X30: 500 | Y30: 35 | Z30: =X30/100*Y30 -> 175 | AA30: =(X30-AB30)/X30*100 -> 35 | AB30: =X30-Z30 -> 325 | AD30: 1000 | AE30: 35 | AF30: =AD30/100*AE30 -> 350 | AG30: =(AD30-AH30)/AD30*100 -> 35 | AH30: =AD30-AF30 -> 650 | AJ30: 1500 | AK30: 35 | AL30: =AJ30/100*AK30 -> 525 | AM30: =(AJ30-AN30)/AJ30*100 -> 35 | AN30: =AJ30-AL30 -> 975
B32: 7 | D32: ЗЕРКАЛО НАРУЖНЕЕ | H32: Наружнее зеркало съем | L32: 250 | M32: 35 | N32: =L32/100*M32 -> 87.5 | O32: =(L32-P32)/L32*100 -> 35 | P32: =L32-N32 -> 162.5 | R32: 250 | S32: 35 | T32: =R32/100*S32 -> 87.5 | U32: =(R32-V32)/R32*100 -> 35 | V32: =R32-T32 -> 162.5 | X32: 250 | Y32: 35 | Z32: =X32/100*Y32 -> 87.5 | AA32: =(X32-AB32)/X32*100 -> 35 | AB32: =X32-Z32 -> 162.5 | AD32: 300 | AE32: 35 | AF32: =AD32/100*AE32 -> 105 | AG32: =(AD32-AH32)/AD32*100 -> 35 | AH32: =AD32-AF32 -> 195 | AJ32: 300 | AK32: 35 | AL32: =AJ32/100*AK32 -> 105 | AM32: =(AJ32-AN32)/AJ32*100 -> 35 | AN32: =AJ32-AL32 -> 195
H33: Наружнее зеркало разборка | L33: 250 | M33: 35 | N33: =L33/100*M33 -> 87.5 | O33: =(L33-P33)/L33*100 -> 35 | P33: =L33-N33 -> 162.5 | R33: 250 | S33: 35 | T33: =R33/100*S33 -> 87.5 | U33: =(R33-V33)/R33*100 -> 35 | V33: =R33-T33 -> 162.5 | X33: 250 | Y33: 35 | Z33: =X33/100*Y33 -> 87.5 | AA33: =(X33-AB33)/X33*100 -> 35 | AB33: =X33-Z33 -> 162.5 | AD33: 300 | AE33: 35 | AF33: =AD33/100*AE33 -> 105 | AG33: =(AD33-AH33)/AD33*100 -> 35 | AH33: =AD33-AF33 -> 195 | AJ33: 500 | AK33: 35 | AL33: =AJ33/100*AK33 -> 175 | AM33: =(AJ33-AN33)/AJ33*100 -> 35 | AN33: =AJ33-AL33 -> 325
H34: Наружнее зеркало сборка | L34: 250 | M34: 35 | N34: =L34/100*M34 -> 87.5 | O34: =(L34-P34)/L34*100 -> 35 | P34: =L34-N34 -> 162.5 | R34: 250 | S34: 35 | T34: =R34/100*S34 -> 87.5 | U34: =(R34-V34)/R34*100 -> 35 | V34: =R34-T34 -> 162.5 | X34: 250 | Y34: 35 | Z34: =X34/100*Y34 -> 87.5 | AA34: =(X34-AB34)/X34*100 -> 35 | AB34: =X34-Z34 -> 162.5 | AD34: 300 | AE34: 35 | AF34: =AD34/100*AE34 -> 105 | AG34: =(AD34-AH34)/AD34*100 -> 35 | AH34: =AD34-AF34 -> 195 | AJ34: 500 | AK34: 35 | AL34: =AJ34/100*AK34 -> 175 | AM34: =(AJ34-AN34)/AJ34*100 -> 35 | AN34: =AJ34-AL34 -> 325
H35: Наружнее зеркало установка | L35: 250 | M35: 35 | N35: =L35/100*M35 -> 87.5 | O35: =(L35-P35)/L35*100 -> 35 | P35: =L35-N35 -> 162.5 | R35: 250 | S35: 35 | T35: =R35/100*S35 -> 87.5 | U35: =(R35-V35)/R35*100 -> 35 | V35: =R35-T35 -> 162.5 | X35: 250 | Y35: 35 | Z35: =X35/100*Y35 -> 87.5 | AA35: =(X35-AB35)/X35*100 -> 35 | AB35: =X35-Z35 -> 162.5 | AD35: 300 | AE35: 35 | AF35: =AD35/100*AE35 -> 105 | AG35: =(AD35-AH35)/AD35*100 -> 35 | AH35: =AD35-AF35 -> 195 | AJ35: 300 | AK35: 35 | AL35: =AJ35/100*AK35 -> 105 | AM35: =(AJ35-AN35)/AJ35*100 -> 35 | AN35: =AJ35-AL35 -> 195
B37: 8 | D37: КРЕСЛО | H37: Кресло съем | L37: 500 | M37: 35 | N37: =L37/100*M37 -> 175 | O37: =(L37-P37)/L37*100 -> 35 | P37: =L37-N37 -> 325 | R37: 750 | S37: 35 | T37: =R37/100*S37 -> 262.5 | U37: =(R37-V37)/R37*100 -> 35 | V37: =R37-T37 -> 487.5 | X37: 750 | Y37: 35 | Z37: =X37/100*Y37 -> 262.5 | AA37: =(X37-AB37)/X37*100 -> 35 | AB37: =X37-Z37 -> 487.5 | AD37: 1000 | AE37: 35 | AF37: =AD37/100*AE37 -> 350 | AG37: =(AD37-AH37)/AD37*100 -> 35 | AH37: =AD37-AF37 -> 650 | AJ37: 1500 | AK37: 35 | AL37: =AJ37/100*AK37 -> 525 | AM37: =(AJ37-AN37)/AJ37*100 -> 35 | AN37: =AJ37-AL37 -> 975
H38: Кресло установка | L38: 500 | M38: 35 | N38: =L38/100*M38 -> 175 | O38: =(L38-P38)/L38*100 -> 35 | P38: =L38-N38 -> 325 | R38: 750 | S38: 35 | T38: =R38/100*S38 -> 262.5 | U38: =(R38-V38)/R38*100 -> 35 | V38: =R38-T38 -> 487.5 | X38: 750 | Y38: 35 | Z38: =X38/100*Y38 -> 262.5 | AA38: =(X38-AB38)/X38*100 -> 35 | AB38: =X38-Z38 -> 487.5 | AD38: 1000 | AE38: 35 | AF38: =AD38/100*AE38 -> 350 | AG38: =(AD38-AH38)/AD38*100 -> 35 | AH38: =AD38-AF38 -> 650 | AJ38: 1500 | AK38: 35 | AL38: =AJ38/100*AK38 -> 525 | AM38: =(AJ38-AN38)/AJ38*100 -> 35 | AN38: =AJ38-AL38 -> 975
B40: 9 | D40: КАПОТ | H40: Капот съем | L40: 1000 | M40: 35 | N40: =L40/100*M40 -> 350 | O40: =(L40-P40)/L40*100 -> 35 | P40: =L40-N40 -> 650 | R40: 1500 | S40: 35 | T40: =R40/100*S40 -> 525 | U40: =(R40-V40)/R40*100 -> 35 | V40: =R40-T40 -> 975 | X40: 1500 | Y40: 35 | Z40: =X40/100*Y40 -> 525 | AA40: =(X40-AB40)/X40*100 -> 35 | AB40: =X40-Z40 -> 975 | AD40: 2000 | AE40: 35 | AF40: =AD40/100*AE40 -> 700 | AG40: =(AD40-AH40)/AD40*100 -> 35 | AH40: =AD40-AF40 -> 1300 | AJ40: 2500 | AK40: 35 | AL40: =AJ40/100*AK40 -> 875 | AM40: =(AJ40-AN40)/AJ40*100 -> 35 | AN40: =AJ40-AL40 -> 1625
H41: Капот установка | L41: 1000 | M41: 35 | N41: =L41/100*M41 -> 350 | O41: =(L41-P41)/L41*100 -> 35 | P41: =L41-N41 -> 650 | R41: 1500 | S41: 35 | T41: =R41/100*S41 -> 525 | U41: =(R41-V41)/R41*100 -> 35 | V41: =R41-T41 -> 975 | X41: 1500 | Y41: 35 | Z41: =X41/100*Y41 -> 525 | AA41: =(X41-AB41)/X41*100 -> 35 | AB41: =X41-Z41 -> 975 | AD41: 2000 | AE41: 35 | AF41: =AD41/100*AE41 -> 700 | AG41: =(AD41-AH41)/AD41*100 -> 35 | AH41: =AD41-AF41 -> 1300 | AJ41: 2500 | AK41: 35 | AL41: =AJ41/100*AK41 -> 875 | AM41: =(AJ41-AN41)/AJ41*100 -> 35 | AN41: =AJ41-AL41 -> 1625
B43: 10 | D43: КРЫЛО ПЕРЕДНЕЕ | H43: Крыло переднее съем | L43: 500 | M43: 35 | N43: =L43/100*M43 -> 175 | O43: =(L43-P43)/L43*100 -> 35 | P43: =L43-N43 -> 325 | R43: 500 | S43: 35 | T43: =R43/100*S43 -> 175 | U43: =(R43-V43)/R43*100 -> 35 | V43: =R43-T43 -> 325 | X43: 750 | Y43: 35 | Z43: =X43/100*Y43 -> 262.5 | AA43: =(X43-AB43)/X43*100 -> 35 | AB43: =X43-Z43 -> 487.5 | AD43: 750 | AE43: 35 | AF43: =AD43/100*AE43 -> 262.5 | AG43: =(AD43-AH43)/AD43*100 -> 35 | AH43: =AD43-AF43 -> 487.5 | AJ43: 1000 | AK43: 35 | AL43: =AJ43/100*AK43 -> 350 | AM43: =(AJ43-AN43)/AJ43*100 -> 35 | AN43: =AJ43-AL43 -> 650
H44: Крыло переднее установка | L44: 500 | M44: 35 | N44: =L44/100*M44 -> 175 | O44: =(L44-P44)/L44*100 -> 35 | P44: =L44-N44 -> 325 | R44: 500 | S44: 35 | T44: =R44/100*S44 -> 175 | U44: =(R44-V44)/R44*100 -> 35 | V44: =R44-T44 -> 325 | X44: 750 | Y44: 35 | Z44: =X44/100*Y44 -> 262.5 | AA44: =(X44-AB44)/X44*100 -> 35 | AB44: =X44-Z44 -> 487.5 | AD44: 750 | AE44: 35 | AF44: =AD44/100*AE44 -> 262.5 | AG44: =(AD44-AH44)/AD44*100 -> 35 | AH44: =AD44-AF44 -> 487.5 | AJ44: 1000 | AK44: 35 | AL44: =AJ44/100*AK44 -> 350 | AM44: =(AJ44-AN44)/AJ44*100 -> 35 | AN44: =AJ44-AL44 -> 650
B46: 11 | D46: КРЫШКА (ДВЕРЬ) БАГАЖНИКА | H46: Крышка (дверь) багажника съем | L46: 1000 | M46: 35 | N46: =L46/100*M46 -> 350 | O46: =(L46-P46)/L46*100 -> 35 | P46: =L46-N46 -> 650 | R46: 1500 | S46: 35 | T46: =R46/100*S46 -> 525 | U46: =(R46-V46)/R46*100 -> 35 | V46: =R46-T46 -> 975 | X46: 1500 | Y46: 35 | Z46: =X46/100*Y46 -> 525 | AA46: =(X46-AB46)/X46*100 -> 35 | AB46: =X46-Z46 -> 975 | AD46: 2000 | AE46: 35 | AF46: =AD46/100*AE46 -> 700 | AG46: =(AD46-AH46)/AD46*100 -> 35 | AH46: =AD46-AF46 -> 1300 | AJ46: 2500 | AK46: 35 | AL46: =AJ46/100*AK46 -> 875 | AM46: =(AJ46-AN46)/AJ46*100 -> 35 | AN46: =AJ46-AL46 -> 1625
H47: Крышка (дверь) багажника установка | L47: 1000 | M47: 35 | N47: =L47/100*M47 -> 350 | O47: =(L47-P47)/L47*100 -> 35 | P47: =L47-N47 -> 650 | R47: 1500 | S47: 35 | T47: =R47/100*S47 -> 525 | U47: =(R47-V47)/R47*100 -> 35 | V47: =R47-T47 -> 975 | X47: 1500 | Y47: 35 | Z47: =X47/100*Y47 -> 525 | AA47: =(X47-AB47)/X47*100 -> 35 | AB47: =X47-Z47 -> 975 | AD47: 2000 | AE47: 35 | AF47: =AD47/100*AE47 -> 700 | AG47: =(AD47-AH47)/AD47*100 -> 35 | AH47: =AD47-AF47 -> 1300 | AJ47: 2500 | AK47: 35 | AL47: =AJ47/100*AK47 -> 875 | AM47: =(AJ47-AN47)/AJ47*100 -> 35 | AN47: =AJ47-AL47 -> 1625
B49: 12 | D49: КОЛЕСО | H49: Колесо съем | L49: 250 | M49: 35 | N49: =L49/100*M49 -> 87.5 | O49: =(L49-P49)/L49*100 -> 35 | P49: =L49-N49 -> 162.5 | R49: 250 | S49: 35 | T49: =R49/100*S49 -> 87.5 | U49: =(R49-V49)/R49*100 -> 35 | V49: =R49-T49 -> 162.5 | X49: 350 | Y49: 35 | Z49: =X49/100*Y49 -> 122.5 | AA49: =(X49-AB49)/X49*100 -> 35 | AB49: =X49-Z49 -> 227.5 | AD49: 350 | AE49: 35 | AF49: =AD49/100*AE49 -> 122.5 | AG49: =(AD49-AH49)/AD49*100 -> 35 | AH49: =AD49-AF49 -> 227.5 | AJ49: 500
H50: Колесо установка | L50: 250 | M50: 35 | N50: =L50/100*M50 -> 87.5 | O50: =(L50-P50)/L50*100 -> 35 | P50: =L50-N50 -> 162.5 | R50: 250 | S50: 35 | T50: =R50/100*S50 -> 87.5 | U50: =(R50-V50)/R50*100 -> 35 | V50: =R50-T50 -> 162.5 | X50: 350 | Y50: 35 | Z50: =X50/100*Y50 -> 122.5 | AA50: =(X50-AB50)/X50*100 -> 35 | AB50: =X50-Z50 -> 227.5 | AD50: 350 | AE50: 35 | AF50: =AD50/100*AE50 -> 122.5 | AG50: =(AD50-AH50)/AD50*100 -> 35 | AH50: =AD50-AF50 -> 227.5 | AJ50: 500
B52: 13 | D52: ЛЮК БЕНЗОБАКА | H52: Люк бензобака съем | L52: 500 | M52: 35 | N52: =L52/100*M52 -> 175 | O52: =(L52-P52)/L52*100 -> 35 | P52: =L52-N52 -> 325 | R52: 500 | S52: 35 | T52: =R52/100*S52 -> 175 | U52: =(R52-V52)/R52*100 -> 35 | V52: =R52-T52 -> 325 | X52: 500 | Y52: 35 | Z52: =X52/100*Y52 -> 175 | AA52: =(X52-AB52)/X52*100 -> 35 | AB52: =X52-Z52 -> 325 | AD52: 500 | AE52: 35 | AF52: =AD52/100*AE52 -> 175 | AG52: =(AD52-AH52)/AD52*100 -> 35 | AH52: =AD52-AF52 -> 325 | AJ52: 750 | AK52: 35 | AL52: =AJ52/100*AK52 -> 262.5 | AM52: =(AJ52-AN52)/AJ52*100 -> 35 | AN52: =AJ52-AL52 -> 487.5
H53: Люк бензобака установка | L53: 500 | M53: 35 | N53: =L53/100*M53 -> 175 | O53: =(L53-P53)/L53*100 -> 35 | P53: =L53-N53 -> 325 | R53: 500 | S53: 35 | T53: =R53/100*S53 -> 175 | U53: =(R53-V53)/R53*100 -> 35 | V53: =R53-T53 -> 325 | X53: 500 | Y53: 35 | Z53: =X53/100*Y53 -> 175 | AA53: =(X53-AB53)/X53*100 -> 35 | AB53: =X53-Z53 -> 325 | AD53: 500 | AE53: 35 | AF53: =AD53/100*AE53 -> 175 | AG53: =(AD53-AH53)/AD53*100 -> 35 | AH53: =AD53-AF53 -> 325 | AJ53: 750 | AK53: 35 | AL53: =AJ53/100*AK53 -> 262.5 | AM53: =(AJ53-AN53)/AJ53*100 -> 35 | AN53: =AJ53-AL53 -> 487.5
B55: 14 | D55: ЛОКЕР | H55: Локер съем | L55: 250 | M55: 35 | N55: =L55/100*M55 -> 87.5 | O55: =(L55-P55)/L55*100 -> 35 | P55: =L55-N55 -> 162.5 | R55: 250 | S55: 35 | T55: =R55/100*S55 -> 87.5 | U55: =(R55-V55)/R55*100 -> 35 | V55: =R55-T55 -> 162.5 | X55: 300 | Y55: 35 | Z55: =X55/100*Y55 -> 105 | AA55: =(X55-AB55)/X55*100 -> 35 | AB55: =X55-Z55 -> 195 | AD55: 300 | AE55: 35 | AF55: =AD55/100*AE55 -> 105 | AG55: =(AD55-AH55)/AD55*100 -> 35 | AH55: =AD55-AF55 -> 195 | AJ55: 350 | AK55: 35 | AL55: =AJ55/100*AK55 -> 122.5 | AM55: =(AJ55-AN55)/AJ55*100 -> 35 | AN55: =AJ55-AL55 -> 227.5
H56: Локер установка | L56: 250 | M56: 35 | N56: =L56/100*M56 -> 87.5 | O56: =(L56-P56)/L56*100 -> 35 | P56: =L56-N56 -> 162.5 | R56: 250 | S56: 35 | T56: =R56/100*S56 -> 87.5 | U56: =(R56-V56)/R56*100 -> 35 | V56: =R56-T56 -> 162.5 | X56: 300 | Y56: 35 | Z56: =X56/100*Y56 -> 105 | AA56: =(X56-AB56)/X56*100 -> 35 | AB56: =X56-Z56 -> 195 | AD56: 300 | AE56: 35 | AF56: =AD56/100*AE56 -> 105 | AG56: =(AD56-AH56)/AD56*100 -> 35 | AH56: =AD56-AF56 -> 195 | AJ56: 350 | AK56: 35 | AL56: =AJ56/100*AK56 -> 122.5 | AM56: =(AJ56-AN56)/AJ56*100 -> 35 | AN56: =AJ56-AL56 -> 227.5
B58: 15 | D58: МОЛДИНГИ ОКОННЫЕ | H58: Оконные молдинги двери съем | L58: 500 | M58: 35 | N58: =L58/100*M58 -> 175 | O58: =(L58-P58)/L58*100 -> 35 | P58: =L58-N58 -> 325 | R58: 500 | S58: 35 | T58: =R58/100*S58 -> 175 | U58: =(R58-V58)/R58*100 -> 35 | V58: =R58-T58 -> 325 | X58: 500 | Y58: 35 | Z58: =X58/100*Y58 -> 175 | AA58: =(X58-AB58)/X58*100 -> 35 | AB58: =X58-Z58 -> 325 | AD58: 500 | AE58: 35 | AF58: =AD58/100*AE58 -> 175 | AG58: =(AD58-AH58)/AD58*100 -> 35 | AH58: =AD58-AF58 -> 325 | AJ58: 750 | AK58: 35 | AL58: =AJ58/100*AK58 -> 262.5 | AM58: =(AJ58-AN58)/AJ58*100 -> 35 | AN58: =AJ58-AL58 -> 487.5
H59: Оконные молдинги двери разборка | L59: 250 | M59: 35 | N59: =L59/100*M59 -> 87.5 | O59: =(L59-P59)/L59*100 -> 35 | P59: =L59-N59 -> 162.5 | R59: 250 | S59: 35 | T59: =R59/100*S59 -> 87.5 | U59: =(R59-V59)/R59*100 -> 35 | V59: =R59-T59 -> 162.5 | X59: 250 | Y59: 35 | Z59: =X59/100*Y59 -> 87.5 | AA59: =(X59-AB59)/X59*100 -> 35 | AB59: =X59-Z59 -> 162.5 | AD59: 300 | AE59: 35 | AF59: =AD59/100*AE59 -> 105 | AG59: =(AD59-AH59)/AD59*100 -> 35 | AH59: =AD59-AF59 -> 195 | AJ59: 500 | AK59: 35 | AL59: =AJ59/100*AK59 -> 175 | AM59: =(AJ59-AN59)/AJ59*100 -> 35 | AN59: =AJ59-AL59 -> 325
H60: Оконные молдинги двери сборка | L60: 250 | M60: 35 | N60: =L60/100*M60 -> 87.5 | O60: =(L60-P60)/L60*100 -> 35 | P60: =L60-N60 -> 162.5 | R60: 250 | S60: 35 | T60: =R60/100*S60 -> 87.5 | U60: =(R60-V60)/R60*100 -> 35 | V60: =R60-T60 -> 162.5 | X60: 250 | Y60: 35 | Z60: =X60/100*Y60 -> 87.5 | AA60: =(X60-AB60)/X60*100 -> 35 | AB60: =X60-Z60 -> 162.5 | AD60: 300 | AE60: 35 | AF60: =AD60/100*AE60 -> 105 | AG60: =(AD60-AH60)/AD60*100 -> 35 | AH60: =AD60-AF60 -> 195 | AJ60: 500 | AK60: 35 | AL60: =AJ60/100*AK60 -> 175 | AM60: =(AJ60-AN60)/AJ60*100 -> 35 | AN60: =AJ60-AL60 -> 325
H61: Оконные молдинги двери установка | L61: 500 | M61: 35 | N61: =L61/100*M61 -> 175 | O61: =(L61-P61)/L61*100 -> 35 | P61: =L61-N61 -> 325 | R61: 500 | S61: 35 | T61: =R61/100*S61 -> 175 | U61: =(R61-V61)/R61*100 -> 35 | V61: =R61-T61 -> 325 | X61: 500 | Y61: 35 | Z61: =X61/100*Y61 -> 175 | AA61: =(X61-AB61)/X61*100 -> 35 | AB61: =X61-Z61 -> 325 | AD61: 500 | AE61: 35 | AF61: =AD61/100*AE61 -> 175 | AG61: =(AD61-AH61)/AD61*100 -> 35 | AH61: =AD61-AF61 -> 325 | AJ61: 750 | AK61: 35 | AL61: =AJ61/100*AK61 -> 262.5 | AM61: =(AJ61-AN61)/AJ61*100 -> 35 | AN61: =AJ61-AL61 -> 487.5
B63: 16 | D63: НАКЛАДКА ПРОЕМА | H63: Накладка проема съем | L63: 250 | M63: 35 | N63: =L63/100*M63 -> 87.5 | O63: =(L63-P63)/L63*100 -> 35 | P63: =L63-N63 -> 162.5 | R63: 250 | S63: 35 | T63: =R63/100*S63 -> 87.5 | U63: =(R63-V63)/R63*100 -> 35 | V63: =R63-T63 -> 162.5 | X63: 250 | Y63: 35 | Z63: =X63/100*Y63 -> 87.5 | AA63: =(X63-AB63)/X63*100 -> 35 | AB63: =X63-Z63 -> 162.5 | AD63: 250 | AE63: 35 | AF63: =AD63/100*AE63 -> 87.5 | AG63: =(AD63-AH63)/AD63*100 -> 35 | AH63: =AD63-AF63 -> 162.5 | AJ63: 500 | AK63: 35 | AL63: =AJ63/100*AK63 -> 175 | AM63: =(AJ63-AN63)/AJ63*100 -> 35 | AN63: =AJ63-AL63 -> 325
H64: Накладка проема установка | L64: 250 | M64: 35 | N64: =L64/100*M64 -> 87.5 | O64: =(L64-P64)/L64*100 -> 35 | P64: =L64-N64 -> 162.5 | R64: 250 | S64: 35 | T64: =R64/100*S64 -> 87.5 | U64: =(R64-V64)/R64*100 -> 35 | V64: =R64-T64 -> 162.5 | X64: 250 | Y64: 35 | Z64: =X64/100*Y64 -> 87.5 | AA64: =(X64-AB64)/X64*100 -> 35 | AB64: =X64-Z64 -> 162.5 | AD64: 250 | AE64: 35 | AF64: =AD64/100*AE64 -> 87.5 | AG64: =(AD64-AH64)/AD64*100 -> 35 | AH64: =AD64-AF64 -> 162.5 | AJ64: 500 | AK64: 35 | AL64: =AJ64/100*AK64 -> 175 | AM64: =(AJ64-AN64)/AJ64*100 -> 35 | AN64: =AJ64-AL64 -> 325
B66: 17 | D66: НАКЛАДКА ДВЕРИ | H66: Накладка двери съем/разборка | L66: 150 | M66: 35 | N66: =L66/100*M66 -> 52.5 | O66: =(L66-P66)/L66*100 -> 35 | P66: =L66-N66 -> 97.5 | R66: 150 | S66: 35 | T66: =R66/100*S66 -> 52.5 | U66: =(R66-V66)/R66*100 -> 35 | V66: =R66-T66 -> 97.5 | X66: 150 | Y66: 35 | Z66: =X66/100*Y66 -> 52.5 | AA66: =(X66-AB66)/X66*100 -> 35 | AB66: =X66-Z66 -> 97.5 | AD66: 200 | AE66: 35 | AF66: =AD66/100*AE66 -> 70 | AG66: =(AD66-AH66)/AD66*100 -> 35 | AH66: =AD66-AF66 -> 130 | AJ66: 500 | AK66: 35 | AL66: =AJ66/100*AK66 -> 175 | AM66: =(AJ66-AN66)/AJ66*100 -> 35 | AN66: =AJ66-AL66 -> 325
H67: Накладка двери сборка/установка | L67: 150 | M67: 35 | N67: =L67/100*M67 -> 52.5 | O67: =(L67-P67)/L67*100 -> 35 | P67: =L67-N67 -> 97.5 | R67: 150 | S67: 35 | T67: =R67/100*S67 -> 52.5 | U67: =(R67-V67)/R67*100 -> 35 | V67: =R67-T67 -> 97.5 | X67: 150 | Y67: 35 | Z67: =X67/100*Y67 -> 52.5 | AA67: =(X67-AB67)/X67*100 -> 35 | AB67: =X67-Z67 -> 97.5 | AD67: 200 | AE67: 35 | AF67: =AD67/100*AE67 -> 70 | AG67: =(AD67-AH67)/AD67*100 -> 35 | AH67: =AD67-AF67 -> 130 | AJ67: 500 | AK67: 35 | AL67: =AJ67/100*AK67 -> 175 | AM67: =(AJ67-AN67)/AJ67*100 -> 35 | AN67: =AJ67-AL67 -> 325
B69: 18 | D69: НАКЛАДКИ КРЫШКИ (ДВЕРИ) БАГАЖНИКА | H69: Накладки крышки (двери) багажника съем/разборка | L69: 500 | M69: 35 | N69: =L69/100*M69 -> 175 | O69: =(L69-P69)/L69*100 -> 35 | P69: =L69-N69 -> 325 | R69: 500 | S69: 35 | T69: =R69/100*S69 -> 175 | U69: =(R69-V69)/R69*100 -> 35 | V69: =R69-T69 -> 325 | X69: 500 | Y69: 35 | Z69: =X69/100*Y69 -> 175 | AA69: =(X69-AB69)/X69*100 -> 35 | AB69: =X69-Z69 -> 325 | AD69: 500 | AE69: 35 | AF69: =AD69/100*AE69 -> 175 | AG69: =(AD69-AH69)/AD69*100 -> 35 | AH69: =AD69-AF69 -> 325 | AJ69: 750 | AK69: 35 | AL69: =AJ69/100*AK69 -> 262.5 | AM69: =(AJ69-AN69)/AJ69*100 -> 35 | AN69: =AJ69-AL69 -> 487.5
H70: Накладки крышки (двери) багажника сборка/установка | L70: 500 | M70: 35 | N70: =L70/100*M70 -> 175 | O70: =(L70-P70)/L70*100 -> 35 | P70: =L70-N70 -> 325 | R70: 500 | S70: 35 | T70: =R70/100*S70 -> 175 | U70: =(R70-V70)/R70*100 -> 35 | V70: =R70-T70 -> 325 | X70: 500 | Y70: 35 | Z70: =X70/100*Y70 -> 175 | AA70: =(X70-AB70)/X70*100 -> 35 | AB70: =X70-Z70 -> 325 | AD70: 500 | AE70: 35 | AF70: =AD70/100*AE70 -> 175 | AG70: =(AD70-AH70)/AD70*100 -> 35 | AH70: =AD70-AF70 -> 325 | AJ70: 750 | AK70: 35 | AL70: =AJ70/100*AK70 -> 262.5 | AM70: =(AJ70-AN70)/AJ70*100 -> 35 | AN70: =AJ70-AL70 -> 487.5
B72: 19 | D72: НАКЛАДКИ ПЕРЕДНЕГО КРЫЛА | H72: Накладки переднего крыла съем | L72: 500 | M72: 35 | N72: =L72/100*M72 -> 175 | O72: =(L72-P72)/L72*100 -> 35 | P72: =L72-N72 -> 325 | R72: 500 | S72: 35 | T72: =R72/100*S72 -> 175 | U72: =(R72-V72)/R72*100 -> 35 | V72: =R72-T72 -> 325 | X72: 500 | Y72: 35 | Z72: =X72/100*Y72 -> 175 | AA72: =(X72-AB72)/X72*100 -> 35 | AB72: =X72-Z72 -> 325 | AD72: 500 | AE72: 35 | AF72: =AD72/100*AE72 -> 175 | AG72: =(AD72-AH72)/AD72*100 -> 35 | AH72: =AD72-AF72 -> 325 | AJ72: 750 | AK72: 35 | AL72: =AJ72/100*AK72 -> 262.5 | AM72: =(AJ72-AN72)/AJ72*100 -> 35 | AN72: =AJ72-AL72 -> 487.5
H73: Накладки переднего крыла установка | L73: 500 | M73: 35 | N73: =L73/100*M73 -> 175 | O73: =(L73-P73)/L73*100 -> 35 | P73: =L73-N73 -> 325 | R73: 500 | S73: 35 | T73: =R73/100*S73 -> 175 | U73: =(R73-V73)/R73*100 -> 35 | V73: =R73-T73 -> 325 | X73: 500 | Y73: 35 | Z73: =X73/100*Y73 -> 175 | AA73: =(X73-AB73)/X73*100 -> 35 | AB73: =X73-Z73 -> 325 | AD73: 500 | AE73: 35 | AF73: =AD73/100*AE73 -> 175 | AG73: =(AD73-AH73)/AD73*100 -> 35 | AH73: =AD73-AF73 -> 325 | AJ73: 750 | AK73: 35 | AL73: =AJ73/100*AK73 -> 262.5 | AM73: =(AJ73-AN73)/AJ73*100 -> 35 | AN73: =AJ73-AL73 -> 487.5
B75: 20 | D75: НАКЛАДКИ ЗАДНЕГО КРЫЛА | H75: Накладки заднего крыла съем | L75: 500 | M75: 35 | N75: =L75/100*M75 -> 175 | O75: =(L75-P75)/L75*100 -> 35 | P75: =L75-N75 -> 325 | R75: 500 | S75: 35 | T75: =R75/100*S75 -> 175 | U75: =(R75-V75)/R75*100 -> 35 | V75: =R75-T75 -> 325 | X75: 500 | Y75: 35 | Z75: =X75/100*Y75 -> 175 | AA75: =(X75-AB75)/X75*100 -> 35 | AB75: =X75-Z75 -> 325 | AD75: 500 | AE75: 35 | AF75: =AD75/100*AE75 -> 175 | AG75: =(AD75-AH75)/AD75*100 -> 35 | AH75: =AD75-AF75 -> 325 | AJ75: 750 | AK75: 35 | AL75: =AJ75/100*AK75 -> 262.5 | AM75: =(AJ75-AN75)/AJ75*100 -> 35 | AN75: =AJ75-AL75 -> 487.5
H76: Накладки заднего крыла установка | L76: 500 | M76: 35 | N76: =L76/100*M76 -> 175 | O76: =(L76-P76)/L76*100 -> 35 | P76: =L76-N76 -> 325 | R76: 500 | S76: 35 | T76: =R76/100*S76 -> 175 | U76: =(R76-V76)/R76*100 -> 35 | V76: =R76-T76 -> 325 | X76: 500 | Y76: 35 | Z76: =X76/100*Y76 -> 175 | AA76: =(X76-AB76)/X76*100 -> 35 | AB76: =X76-Z76 -> 325 | AD76: 500 | AE76: 35 | AF76: =AD76/100*AE76 -> 175 | AG76: =(AD76-AH76)/AD76*100 -> 35 | AH76: =AD76-AF76 -> 325 | AJ76: 750 | AK76: 35 | AL76: =AJ76/100*AK76 -> 262.5 | AM76: =(AJ76-AN76)/AJ76*100 -> 35 | AN76: =AJ76-AL76 -> 487.5
B78: 21 | D78: ОБШИВКА ПОТОЛКА | H78: Обшивка потолка съем/разборка | L78: 3500 | M78: 35 | N78: =L78/100*M78 -> 1225 | O78: =(L78-P78)/L78*100 -> 35 | P78: =L78-N78 -> 2275 | R78: 3500 | S78: 35 | T78: =R78/100*S78 -> 1225 | U78: =(R78-V78)/R78*100 -> 35 | V78: =R78-T78 -> 2275 | X78: 4500 | Y78: 35 | Z78: =X78/100*Y78 -> 1575 | AA78: =(X78-AB78)/X78*100 -> 35 | AB78: =X78-Z78 -> 2925 | AD78: 6000 | AE78: 35 | AF78: =AD78/100*AE78 -> 2100 | AG78: =(AD78-AH78)/AD78*100 -> 35 | AH78: =AD78-AF78 -> 3900 | AJ78: 9000 | AK78: 35 | AL78: =AJ78/100*AK78 -> 3150 | AM78: =(AJ78-AN78)/AJ78*100 -> 35 | AN78: =AJ78-AL78 -> 5850
H79: Обшивка потолка сборка/установка | L79: 3500 | M79: 35 | N79: =L79/100*M79 -> 1225 | O79: =(L79-P79)/L79*100 -> 35 | P79: =L79-N79 -> 2275 | R79: 3500 | S79: 35 | T79: =R79/100*S79 -> 1225 | U79: =(R79-V79)/R79*100 -> 35 | V79: =R79-T79 -> 2275 | X79: 4500 | Y79: 35 | Z79: =X79/100*Y79 -> 1575 | AA79: =(X79-AB79)/X79*100 -> 35 | AB79: =X79-Z79 -> 2925 | AD79: 6000 | AE79: 35 | AF79: =AD79/100*AE79 -> 2100 | AG79: =(AD79-AH79)/AD79*100 -> 35 | AH79: =AD79-AF79 -> 3900 | AJ79: 9000 | AK79: 35 | AL79: =AJ79/100*AK79 -> 3150 | AM79: =(AJ79-AN79)/AJ79*100 -> 35 | AN79: =AJ79-AL79 -> 5850
B81: 22 | D81: ОБШИВКА КРЫШКИ (ДВЕРИ) БАГАЖНИКА | H81: Обшивка двери (крышки) багажника съем/разборка | L81: 500 | M81: 35 | N81: =L81/100*M81 -> 175 | O81: =(L81-P81)/L81*100 -> 35 | P81: =L81-N81 -> 325 | R81: 500 | S81: 35 | T81: =R81/100*S81 -> 175 | U81: =(R81-V81)/R81*100 -> 35 | V81: =R81-T81 -> 325 | X81: 500 | Y81: 35 | Z81: =X81/100*Y81 -> 175 | AA81: =(X81-AB81)/X81*100 -> 35 | AB81: =X81-Z81 -> 325 | AD81: 500 | AE81: 35 | AF81: =AD81/100*AE81 -> 175 | AG81: =(AD81-AH81)/AD81*100 -> 35 | AH81: =AD81-AF81 -> 325 | AJ81: 750 | AK81: 35 | AL81: =AJ81/100*AK81 -> 262.5 | AM81: =(AJ81-AN81)/AJ81*100 -> 35 | AN81: =AJ81-AL81 -> 487.5
H82: Обшивка двери (крышки) багажника сборка/установка | L82: 500 | M82: 35 | N82: =L82/100*M82 -> 175 | O82: =(L82-P82)/L82*100 -> 35 | P82: =L82-N82 -> 325 | R82: 500 | S82: 35 | T82: =R82/100*S82 -> 175 | U82: =(R82-V82)/R82*100 -> 35 | V82: =R82-T82 -> 325 | X82: 500 | Y82: 35 | Z82: =X82/100*Y82 -> 175 | AA82: =(X82-AB82)/X82*100 -> 35 | AB82: =X82-Z82 -> 325 | AD82: 500 | AE82: 35 | AF82: =AD82/100*AE82 -> 175 | AG82: =(AD82-AH82)/AD82*100 -> 35 | AH82: =AD82-AF82 -> 325 | AJ82: 750 | AK82: 35 | AL82: =AJ82/100*AK82 -> 262.5 | AM82: =(AJ82-AN82)/AJ82*100 -> 35 | AN82: =AJ82-AL82 -> 487.5
B84: 23 | D84: ОБШИВКА ПОЛА | H84: Обшивка пола съем | L84: 500 | M84: 35 | N84: =L84/100*M84 -> 175 | O84: =(L84-P84)/L84*100 -> 35 | P84: =L84-N84 -> 325 | R84: 750 | S84: 35 | T84: =R84/100*S84 -> 262.5 | U84: =(R84-V84)/R84*100 -> 35 | V84: =R84-T84 -> 487.5 | X84: 750 | Y84: 35 | Z84: =X84/100*Y84 -> 262.5 | AA84: =(X84-AB84)/X84*100 -> 35 | AB84: =X84-Z84 -> 487.5 | AD84: 1000 | AE84: 35 | AF84: =AD84/100*AE84 -> 350 | AG84: =(AD84-AH84)/AD84*100 -> 35 | AH84: =AD84-AF84 -> 650 | AJ84: 1500 | AK84: 35 | AL84: =AJ84/100*AK84 -> 525 | AM84: =(AJ84-AN84)/AJ84*100 -> 35 | AN84: =AJ84-AL84 -> 975
H85: Обшивка пола установка | L85: 500 | M85: 35 | N85: =L85/100*M85 -> 175 | O85: =(L85-P85)/L85*100 -> 35 | P85: =L85-N85 -> 325 | R85: 750 | S85: 35 | T85: =R85/100*S85 -> 262.5 | U85: =(R85-V85)/R85*100 -> 35 | V85: =R85-T85 -> 487.5 | X85: 750 | Y85: 35 | Z85: =X85/100*Y85 -> 262.5 | AA85: =(X85-AB85)/X85*100 -> 35 | AB85: =X85-Z85 -> 487.5 | AD85: 1000 | AE85: 35 | AF85: =AD85/100*AE85 -> 350 | AG85: =(AD85-AH85)/AD85*100 -> 35 | AH85: =AD85-AF85 -> 650 | AJ85: 1500 | AK85: 35 | AL85: =AJ85/100*AK85 -> 525 | AM85: =(AJ85-AN85)/AJ85*100 -> 35 | AN85: =AJ85-AL85 -> 975
B87: 24 | D87: ОБШИВКА БАГАЖНОГО ОТДЕЛЕНИЯ | H87: Обшивка багажного отделения съем | L87: 2000 | M87: 35 | N87: =L87/100*M87 -> 700 | O87: =(L87-P87)/L87*100 -> 35 | P87: =L87-N87 -> 1300 | R87: 2000 | S87: 35 | T87: =R87/100*S87 -> 700 | U87: =(R87-V87)/R87*100 -> 35 | V87: =R87-T87 -> 1300 | X87: 2500 | Y87: 35 | Z87: =X87/100*Y87 -> 875 | AA87: =(X87-AB87)/X87*100 -> 35 | AB87: =X87-Z87 -> 1625 | AD87: 2500 | AE87: 35 | AF87: =AD87/100*AE87 -> 875 | AG87: =(AD87-AH87)/AD87*100 -> 35 | AH87: =AD87-AF87 -> 1625 | AJ87: 3000 | AK87: 35 | AL87: =AJ87/100*AK87 -> 1050 | AM87: =(AJ87-AN87)/AJ87*100 -> 35 | AN87: =AJ87-AL87 -> 1950
H88: Обшивка багажного отделения установка | L88: 2000 | M88: 35 | N88: =L88/100*M88 -> 700 | O88: =(L88-P88)/L88*100 -> 35 | P88: =L88-N88 -> 1300 | R88: 2000 | S88: 35 | T88: =R88/100*S88 -> 700 | U88: =(R88-V88)/R88*100 -> 35 | V88: =R88-T88 -> 1300 | X88: 2500 | Y88: 35 | Z88: =X88/100*Y88 -> 875 | AA88: =(X88-AB88)/X88*100 -> 35 | AB88: =X88-Z88 -> 1625 | AD88: 2500 | AE88: 35 | AF88: =AD88/100*AE88 -> 875 | AG88: =(AD88-AH88)/AD88*100 -> 35 | AH88: =AD88-AF88 -> 1625 | AJ88: 3000 | AK88: 35 | AL88: =AJ88/100*AK88 -> 1050 | AM88: =(AJ88-AN88)/AJ88*100 -> 35 | AN88: =AJ88-AL88 -> 1950
B90: 25 | D90: ПОВОДОК ДВОРНИКА | H90: Поводок дворника съем | L90: 250 | M90: 35 | N90: =L90/100*M90 -> 87.5 | O90: =(L90-P90)/L90*100 -> 35 | P90: =L90-N90 -> 162.5 | R90: 250 | S90: 35 | T90: =R90/100*S90 -> 87.5 | U90: =(R90-V90)/R90*100 -> 35 | V90: =R90-T90 -> 162.5 | X90: 250 | Y90: 35 | Z90: =X90/100*Y90 -> 87.5 | AA90: =(X90-AB90)/X90*100 -> 35 | AB90: =X90-Z90 -> 162.5 | AD90: 500 | AE90: 35 | AF90: =AD90/100*AE90 -> 175 | AG90: =(AD90-AH90)/AD90*100 -> 35 | AH90: =AD90-AF90 -> 325 | AJ90: 750 | AK90: 35 | AL90: =AJ90/100*AK90 -> 262.5 | AM90: =(AJ90-AN90)/AJ90*100 -> 35 | AN90: =AJ90-AL90 -> 487.5
H91: Поводок дворника установка | L91: 250 | M91: 35 | N91: =L91/100*M91 -> 87.5 | O91: =(L91-P91)/L91*100 -> 35 | P91: =L91-N91 -> 162.5 | R91: 250 | S91: 35 | T91: =R91/100*S91 -> 87.5 | U91: =(R91-V91)/R91*100 -> 35 | V91: =R91-T91 -> 162.5 | X91: 250 | Y91: 35 | Z91: =X91/100*Y91 -> 87.5 | AA91: =(X91-AB91)/X91*100 -> 35 | AB91: =X91-Z91 -> 162.5 | AD91: 500 | AE91: 35 | AF91: =AD91/100*AE91 -> 175 | AG91: =(AD91-AH91)/AD91*100 -> 35 | AH91: =AD91-AF91 -> 325 | AJ91: 750 | AK91: 35 | AL91: =AJ91/100*AK91 -> 262.5 | AM91: =(AJ91-AN91)/AJ91*100 -> 35 | AN91: =AJ91-AL91 -> 487.5
B93: 26 | D93: ПОРОГИ ВНЕШНИЕ | H93: Пороги внешние съем | L93: 1000 | M93: 35 | N93: =L93/100*M93 -> 350 | O93: =(L93-P93)/L93*100 -> 35 | P93: =L93-N93 -> 650 | R93: 1000 | S93: 35 | T93: =R93/100*S93 -> 350 | U93: =(R93-V93)/R93*100 -> 35 | V93: =R93-T93 -> 650 | X93: 1000 | Y93: 35 | Z93: =X93/100*Y93 -> 350 | AA93: =(X93-AB93)/X93*100 -> 35 | AB93: =X93-Z93 -> 650 | AD93: 1500 | AE93: 35 | AF93: =AD93/100*AE93 -> 525 | AG93: =(AD93-AH93)/AD93*100 -> 35 | AH93: =AD93-AF93 -> 975 | AJ93: 2000 | AK93: 35 | AL93: =AJ93/100*AK93 -> 700 | AM93: =(AJ93-AN93)/AJ93*100 -> 35 | AN93: =AJ93-AL93 -> 1300
H94: Пороги внешние разборка | L94: 500 | M94: 35 | N94: =L94/100*M94 -> 175 | O94: =(L94-P94)/L94*100 -> 35 | P94: =L94-N94 -> 325 | R94: 500 | S94: 35 | T94: =R94/100*S94 -> 175 | U94: =(R94-V94)/R94*100 -> 35 | V94: =R94-T94 -> 325 | X94: 500 | Y94: 35 | Z94: =X94/100*Y94 -> 175 | AA94: =(X94-AB94)/X94*100 -> 35 | AB94: =X94-Z94 -> 325 | AD94: 1000 | AE94: 35 | AF94: =AD94/100*AE94 -> 350 | AG94: =(AD94-AH94)/AD94*100 -> 35 | AH94: =AD94-AF94 -> 650 | AJ94: 1500 | AK94: 35 | AL94: =AJ94/100*AK94 -> 525 | AM94: =(AJ94-AN94)/AJ94*100 -> 35 | AN94: =AJ94-AL94 -> 975
H95: Пороги внешние сборка | L95: 500 | M95: 35 | N95: =L95/100*M95 -> 175 | O95: =(L95-P95)/L95*100 -> 35 | P95: =L95-N95 -> 325 | R95: 500 | S95: 35 | T95: =R95/100*S95 -> 175 | U95: =(R95-V95)/R95*100 -> 35 | V95: =R95-T95 -> 325 | X95: 500 | Y95: 35 | Z95: =X95/100*Y95 -> 175 | AA95: =(X95-AB95)/X95*100 -> 35 | AB95: =X95-Z95 -> 325 | AD95: 1000 | AE95: 35 | AF95: =AD95/100*AE95 -> 350 | AG95: =(AD95-AH95)/AD95*100 -> 35 | AH95: =AD95-AF95 -> 650 | AJ95: 1500 | AK95: 35 | AL95: =AJ95/100*AK95 -> 525 | AM95: =(AJ95-AN95)/AJ95*100 -> 35 | AN95: =AJ95-AL95 -> 975
H96: Пороги внешние установка | L96: 1000 | M96: 35 | N96: =L96/100*M96 -> 350 | O96: =(L96-P96)/L96*100 -> 35 | P96: =L96-N96 -> 650 | R96: 1000 | S96: 35 | T96: =R96/100*S96 -> 350 | U96: =(R96-V96)/R96*100 -> 35 | V96: =R96-T96 -> 650 | X96: 1000 | Y96: 35 | Z96: =X96/100*Y96 -> 350 | AA96: =(X96-AB96)/X96*100 -> 35 | AB96: =X96-Z96 -> 650 | AD96: 1500 | AE96: 35 | AF96: =AD96/100*AE96 -> 525 | AG96: =(AD96-AH96)/AD96*100 -> 35 | AH96: =AD96-AF96 -> 975 | AJ96: 2000 | AK96: 35 | AL96: =AJ96/100*AK96 -> 700 | AM96: =(AJ96-AN96)/AJ96*100 -> 35 | AN96: =AJ96-AL96 -> 1300
B98: 27 | D98: РЕШЕТКА РАДИАТОРА | H98: Решетка радиатора съем | L98: 1000 | M98: 35 | N98: =L98/100*M98 -> 350 | O98: =(L98-P98)/L98*100 -> 35 | P98: =L98-N98 -> 650 | R98: 1000 | S98: 35 | T98: =R98/100*S98 -> 350 | U98: =(R98-V98)/R98*100 -> 35 | V98: =R98-T98 -> 650 | X98: 1000 | Y98: 35 | Z98: =X98/100*Y98 -> 350 | AA98: =(X98-AB98)/X98*100 -> 35 | AB98: =X98-Z98 -> 650 | AD98: 1500 | AE98: 35 | AF98: =AD98/100*AE98 -> 525 | AG98: =(AD98-AH98)/AD98*100 -> 35 | AH98: =AD98-AF98 -> 975 | AJ98: 2000 | AK98: 35 | AL98: =AJ98/100*AK98 -> 700 | AM98: =(AJ98-AN98)/AJ98*100 -> 35 | AN98: =AJ98-AL98 -> 1300
H99: Решетка радиатора разборка | L99: 250 | M99: 35 | N99: =L99/100*M99 -> 87.5 | O99: =(L99-P99)/L99*100 -> 35 | P99: =L99-N99 -> 162.5 | R99: 250 | S99: 35 | T99: =R99/100*S99 -> 87.5 | U99: =(R99-V99)/R99*100 -> 35 | V99: =R99-T99 -> 162.5 | X99: 500 | Y99: 35 | Z99: =X99/100*Y99 -> 175 | AA99: =(X99-AB99)/X99*100 -> 35 | AB99: =X99-Z99 -> 325 | AD99: 500 | AE99: 35 | AF99: =AD99/100*AE99 -> 175 | AG99: =(AD99-AH99)/AD99*100 -> 35 | AH99: =AD99-AF99 -> 325 | AJ99: 1000 | AK99: 35 | AL99: =AJ99/100*AK99 -> 350 | AM99: =(AJ99-AN99)/AJ99*100 -> 35 | AN99: =AJ99-AL99 -> 650
H100: Решетка радиатора сборка | L100: 250 | M100: 35 | N100: =L100/100*M100 -> 87.5 | O100: =(L100-P100)/L100*100 -> 35 | P100: =L100-N100 -> 162.5 | R100: 250 | S100: 35 | T100: =R100/100*S100 -> 87.5 | U100: =(R100-V100)/R100*100 -> 35 | V100: =R100-T100 -> 162.5 | X100: 500 | Y100: 35 | Z100: =X100/100*Y100 -> 175 | AA100: =(X100-AB100)/X100*100 -> 35 | AB100: =X100-Z100 -> 325 | AD100: 500 | AE100: 35 | AF100: =AD100/100*AE100 -> 175 | AG100: =(AD100-AH100)/AD100*100 -> 35 | AH100: =AD100-AF100 -> 325 | AJ100: 1000 | AK100: 35 | AL100: =AJ100/100*AK100 -> 350 | AM100: =(AJ100-AN100)/AJ100*100 -> 35 | AN100: =AJ100-AL100 -> 650
H101: Решетка радиатора установка | L101: 1000 | M101: 35 | N101: =L101/100*M101 -> 350 | O101: =(L101-P101)/L101*100 -> 35 | P101: =L101-N101 -> 650 | R101: 1000 | S101: 35 | T101: =R101/100*S101 -> 350 | U101: =(R101-V101)/R101*100 -> 35 | V101: =R101-T101 -> 650 | X101: 1000 | Y101: 35 | Z101: =X101/100*Y101 -> 350 | AA101: =(X101-AB101)/X101*100 -> 35 | AB101: =X101-Z101 -> 650 | AD101: 1500 | AE101: 35 | AF101: =AD101/100*AE101 -> 525 | AG101: =(AD101-AH101)/AD101*100 -> 35 | AH101: =AD101-AF101 -> 975 | AJ101: 2000 | AK101: 35 | AL101: =AJ101/100*AK101 -> 700 | AM101: =(AJ101-AN101)/AJ101*100 -> 35 | AN101: =AJ101-AL101 -> 1300
B103: 28 | D103: РАСШИРИТЕЛЬ АРКИ КОЛЕСА (ФЭНДЕР) | H103: Расширитель арки колеса съем/разборка | L103: 250 | M103: 35 | N103: =L103/100*M103 -> 87.5 | O103: =(L103-P103)/L103*100 -> 35 | P103: =L103-N103 -> 162.5 | R103: 250 | S103: 35 | T103: =R103/100*S103 -> 87.5 | U103: =(R103-V103)/R103*100 -> 35 | V103: =R103-T103 -> 162.5 | X103: 250 | Y103: 35 | Z103: =X103/100*Y103 -> 87.5 | AA103: =(X103-AB103)/X103*100 -> 35 | AB103: =X103-Z103 -> 162.5 | AD103: 250 | AE103: 35 | AF103: =AD103/100*AE103 -> 87.5 | AG103: =(AD103-AH103)/AD103*100 -> 35 | AH103: =AD103-AF103 -> 162.5 | AJ103: 500 | AK103: 35 | AL103: =AJ103/100*AK103 -> 175 | AM103: =(AJ103-AN103)/AJ103*100 -> 35 | AN103: =AJ103-AL103 -> 325
H104: Расширитель арки колеса сборка/установка | L104: 250 | M104: 35 | N104: =L104/100*M104 -> 87.5 | O104: =(L104-P104)/L104*100 -> 35 | P104: =L104-N104 -> 162.5 | R104: 250 | S104: 35 | T104: =R104/100*S104 -> 87.5 | U104: =(R104-V104)/R104*100 -> 35 | V104: =R104-T104 -> 162.5 | X104: 250 | Y104: 35 | Z104: =X104/100*Y104 -> 87.5 | AA104: =(X104-AB104)/X104*100 -> 35 | AB104: =X104-Z104 -> 162.5 | AD104: 500 | AE104: 35 | AF104: =AD104/100*AE104 -> 175 | AG104: =(AD104-AH104)/AD104*100 -> 35 | AH104: =AD104-AF104 -> 325 | AJ104: 500 | AK104: 35 | AL104: =AJ104/100*AK104 -> 175 | AM104: =(AJ104-AN104)/AJ104*100 -> 35 | AN104: =AJ104-AL104 -> 325
B106: 29 | D106: РЕЙЛИНГИ (ЛЕЕРЫ) | H106: Лееры (рейлинги) съем/разборка | L106: 500 | M106: 35 | N106: =L106/100*M106 -> 175 | O106: =(L106-P106)/L106*100 -> 35 | P106: =L106-N106 -> 325 | R106: 500 | S106: 35 | T106: =R106/100*S106 -> 175 | U106: =(R106-V106)/R106*100 -> 35 | V106: =R106-T106 -> 325 | X106: 500 | Y106: 35 | Z106: =X106/100*Y106 -> 175 | AA106: =(X106-AB106)/X106*100 -> 35 | AB106: =X106-Z106 -> 325 | AD106: 600 | AE106: 35 | AF106: =AD106/100*AE106 -> 210 | AG106: =(AD106-AH106)/AD106*100 -> 35 | AH106: =AD106-AF106 -> 390 | AJ106: 750 | AK106: 35 | AL106: =AJ106/100*AK106 -> 262.5 | AM106: =(AJ106-AN106)/AJ106*100 -> 35 | AN106: =AJ106-AL106 -> 487.5
H107: Лееры (рейлинги) сборка/установка | L107: 500 | M107: 35 | N107: =L107/100*M107 -> 175 | O107: =(L107-P107)/L107*100 -> 35 | P107: =L107-N107 -> 325 | R107: 500 | S107: 35 | T107: =R107/100*S107 -> 175 | U107: =(R107-V107)/R107*100 -> 35 | V107: =R107-T107 -> 325 | X107: 500 | Y107: 35 | Z107: =X107/100*Y107 -> 175 | AA107: =(X107-AB107)/X107*100 -> 35 | AB107: =X107-Z107 -> 325 | AD107: 600 | AE107: 35 | AF107: =AD107/100*AE107 -> 210 | AG107: =(AD107-AH107)/AD107*100 -> 35 | AH107: =AD107-AF107 -> 390 | AJ107: 750 | AK107: 35 | AL107: =AJ107/100*AK107 -> 262.5 | AM107: =(AJ107-AN107)/AJ107*100 -> 35 | AN107: =AJ107-AL107 -> 487.5
B109: 30 | D109: РУЧКА ДВЕРИ НАРУЖНЯЯ | H109: Наружняя ручка двери съем/разборка | L109: 150 | M109: 35 | N109: =L109/100*M109 -> 52.5 | O109: =(L109-P109)/L109*100 -> 35 | P109: =L109-N109 -> 97.5 | R109: 150 | S109: 35 | T109: =R109/100*S109 -> 52.5 | U109: =(R109-V109)/R109*100 -> 35 | V109: =R109-T109 -> 97.5 | X109: 150 | Y109: 35 | Z109: =X109/100*Y109 -> 52.5 | AA109: =(X109-AB109)/X109*100 -> 35 | AB109: =X109-Z109 -> 97.5 | AD109: 200 | AE109: 35 | AF109: =AD109/100*AE109 -> 70 | AG109: =(AD109-AH109)/AD109*100 -> 35 | AH109: =AD109-AF109 -> 130 | AJ109: 300 | AK109: 35 | AL109: =AJ109/100*AK109 -> 105 | AM109: =(AJ109-AN109)/AJ109*100 -> 35 | AN109: =AJ109-AL109 -> 195
H110: Наружняя ручка двери сборка/установка | L110: 150 | M110: 35 | N110: =L110/100*M110 -> 52.5 | O110: =(L110-P110)/L110*100 -> 35 | P110: =L110-N110 -> 97.5 | R110: 150 | S110: 35 | T110: =R110/100*S110 -> 52.5 | U110: =(R110-V110)/R110*100 -> 35 | V110: =R110-T110 -> 97.5 | X110: 150 | Y110: 35 | Z110: =X110/100*Y110 -> 52.5 | AA110: =(X110-AB110)/X110*100 -> 35 | AB110: =X110-Z110 -> 97.5 | AD110: 200 | AE110: 35 | AF110: =AD110/100*AE110 -> 70 | AG110: =(AD110-AH110)/AD110*100 -> 35 | AH110: =AD110-AF110 -> 130 | AJ110: 300 | AK110: 35 | AL110: =AJ110/100*AK110 -> 105 | AM110: =(AJ110-AN110)/AJ110*100 -> 35 | AN110: =AJ110-AL110 -> 195
B112: 31 | D112: РУЛЕВОЕ КОЛЕСО | H112: Рулевое колесо съем | L112: 1000 | M112: 35 | N112: =L112/100*M112 -> 350 | O112: =(L112-P112)/L112*100 -> 35 | P112: =L112-N112 -> 650 | R112: 1000 | S112: 35 | T112: =R112/100*S112 -> 350 | U112: =(R112-V112)/R112*100 -> 35 | V112: =R112-T112 -> 650 | X112: 1500 | Y112: 35 | Z112: =X112/100*Y112 -> 525 | AA112: =(X112-AB112)/X112*100 -> 35 | AB112: =X112-Z112 -> 975 | AD112: 1500 | AE112: 35 | AF112: =AD112/100*AE112 -> 525 | AG112: =(AD112-AH112)/AD112*100 -> 35 | AH112: =AD112-AF112 -> 975 | AJ112: 2000 | AK112: 35 | AL112: =AJ112/100*AK112 -> 700 | AM112: =(AJ112-AN112)/AJ112*100 -> 35 | AN112: =AJ112-AL112 -> 1300
H113: Рулевоек колесо установка | L113: 1000 | M113: 35 | N113: =L113/100*M113 -> 350 | O113: =(L113-P113)/L113*100 -> 35 | P113: =L113-N113 -> 650 | R113: 1000 | S113: 35 | T113: =R113/100*S113 -> 350 | U113: =(R113-V113)/R113*100 -> 35 | V113: =R113-T113 -> 650 | X113: 1500 | Y113: 35 | Z113: =X113/100*Y113 -> 525 | AA113: =(X113-AB113)/X113*100 -> 35 | AB113: =X113-Z113 -> 975 | AD113: 1500 | AE113: 35 | AF113: =AD113/100*AE113 -> 525 | AG113: =(AD113-AH113)/AD113*100 -> 35 | AH113: =AD113-AF113 -> 975 | AJ113: 2000 | AK113: 35 | AL113: =AJ113/100*AK113 -> 700 | AM113: =(AJ113-AN113)/AJ113*100 -> 35 | AN113: =AJ113-AL113 -> 1300
B115: 32 | D115: СТЕКЛО ДВЕРИ | H115: Стекло двери съем | L115: 250 | M115: 35 | N115: =L115/100*M115 -> 87.5 | O115: =(L115-P115)/L115*100 -> 35 | P115: =L115-N115 -> 162.5 | R115: 250 | S115: 35 | T115: =R115/100*S115 -> 87.5 | U115: =(R115-V115)/R115*100 -> 35 | V115: =R115-T115 -> 162.5 | X115: 450 | Y115: 35 | Z115: =X115/100*Y115 -> 157.5 | AA115: =(X115-AB115)/X115*100 -> 35 | AB115: =X115-Z115 -> 292.5 | AD115: 750 | AE115: 35 | AF115: =AD115/100*AE115 -> 262.5 | AG115: =(AD115-AH115)/AD115*100 -> 35 | AH115: =AD115-AF115 -> 487.5 | AJ115: 750 | AK115: 35 | AL115: =AJ115/100*AK115 -> 262.5 | AM115: =(AJ115-AN115)/AJ115*100 -> 35 | AN115: =AJ115-AL115 -> 487.5
H116: Стекло двери установка | L116: 250 | M116: 35 | N116: =L116/100*M116 -> 87.5 | O116: =(L116-P116)/L116*100 -> 35 | P116: =L116-N116 -> 162.5 | R116: 250 | S116: 35 | T116: =R116/100*S116 -> 87.5 | U116: =(R116-V116)/R116*100 -> 35 | V116: =R116-T116 -> 162.5 | X116: 450 | Y116: 35 | Z116: =X116/100*Y116 -> 157.5 | AA116: =(X116-AB116)/X116*100 -> 35 | AB116: =X116-Z116 -> 292.5 | AD116: 750 | AE116: 35 | AF116: =AD116/100*AE116 -> 262.5 | AG116: =(AD116-AH116)/AD116*100 -> 35 | AH116: =AD116-AF116 -> 487.5 | AJ116: 750 | AK116: 35 | AL116: =AJ116/100*AK116 -> 262.5 | AM116: =(AJ116-AN116)/AJ116*100 -> 35 | AN116: =AJ116-AL116 -> 487.5
B118: 33 | D118: СПОЙЛЕР | H118: Спойлер съем | L118: 500 | M118: 35 | N118: =L118/100*M118 -> 175 | O118: =(L118-P118)/L118*100 -> 35 | P118: =L118-N118 -> 325 | R118: 500 | S118: 35 | T118: =R118/100*S118 -> 175 | U118: =(R118-V118)/R118*100 -> 35 | V118: =R118-T118 -> 325 | X118: 500 | Y118: 35 | Z118: =X118/100*Y118 -> 175 | AA118: =(X118-AB118)/X118*100 -> 35 | AB118: =X118-Z118 -> 325 | AD118: 750 | AE118: 35 | AF118: =AD118/100*AE118 -> 262.5 | AG118: =(AD118-AH118)/AD118*100 -> 35 | AH118: =AD118-AF118 -> 487.5 | AJ118: 1000 | AK118: 35 | AL118: =AJ118/100*AK118 -> 350 | AM118: =(AJ118-AN118)/AJ118*100 -> 35 | AN118: =AJ118-AL118 -> 650
H119: Спойлер разборка | L119: 500 | M119: 35 | N119: =L119/100*M119 -> 175 | O119: =(L119-P119)/L119*100 -> 35 | P119: =L119-N119 -> 325 | R119: 500 | S119: 35 | T119: =R119/100*S119 -> 175 | U119: =(R119-V119)/R119*100 -> 35 | V119: =R119-T119 -> 325 | X119: 500 | Y119: 35 | Z119: =X119/100*Y119 -> 175 | AA119: =(X119-AB119)/X119*100 -> 35 | AB119: =X119-Z119 -> 325 | AD119: 500 | AE119: 35 | AF119: =AD119/100*AE119 -> 175 | AG119: =(AD119-AH119)/AD119*100 -> 35 | AH119: =AD119-AF119 -> 325 | AJ119: 750 | AK119: 35 | AL119: =AJ119/100*AK119 -> 262.5 | AM119: =(AJ119-AN119)/AJ119*100 -> 35 | AN119: =AJ119-AL119 -> 487.5
H120: Спойлер сборка | L120: 500 | M120: 35 | N120: =L120/100*M120 -> 175 | O120: =(L120-P120)/L120*100 -> 35 | P120: =L120-N120 -> 325 | R120: 500 | S120: 35 | T120: =R120/100*S120 -> 175 | U120: =(R120-V120)/R120*100 -> 35 | V120: =R120-T120 -> 325 | X120: 500 | Y120: 35 | Z120: =X120/100*Y120 -> 175 | AA120: =(X120-AB120)/X120*100 -> 35 | AB120: =X120-Z120 -> 325 | AD120: 500 | AE120: 35 | AF120: =AD120/100*AE120 -> 175 | AG120: =(AD120-AH120)/AD120*100 -> 35 | AH120: =AD120-AF120 -> 325 | AJ120: 750 | AK120: 35 | AL120: =AJ120/100*AK120 -> 262.5 | AM120: =(AJ120-AN120)/AJ120*100 -> 35 | AN120: =AJ120-AL120 -> 487.5
H121: Спойлер установка | L121: 500 | M121: 35 | N121: =L121/100*M121 -> 175 | O121: =(L121-P121)/L121*100 -> 35 | P121: =L121-N121 -> 325 | R121: 500 | S121: 35 | T121: =R121/100*S121 -> 175 | U121: =(R121-V121)/R121*100 -> 35 | V121: =R121-T121 -> 325 | X121: 500 | Y121: 35 | Z121: =X121/100*Y121 -> 175 | AA121: =(X121-AB121)/X121*100 -> 35 | AB121: =X121-Z121 -> 325 | AD121: 750 | AE121: 35 | AF121: =AD121/100*AE121 -> 262.5 | AG121: =(AD121-AH121)/AD121*100 -> 35 | AH121: =AD121-AF121 -> 487.5 | AJ121: 1000 | AK121: 35 | AL121: =AJ121/100*AK121 -> 350 | AM121: =(AJ121-AN121)/AJ121*100 -> 35 | AN121: =AJ121-AL121 -> 650
B123: 34 | D123: ТОРПЕДО | H123: Торпедо съем | L123: 1500 | M123: 35 | N123: =L123/100*M123 -> 525 | O123: =(L123-P123)/L123*100 -> 35 | P123: =L123-N123 -> 975 | R123: 2000 | S123: 35 | T123: =R123/100*S123 -> 700 | U123: =(R123-V123)/R123*100 -> 35 | V123: =R123-T123 -> 1300 | X123: 2500 | Y123: 35 | Z123: =X123/100*Y123 -> 875 | AA123: =(X123-AB123)/X123*100 -> 35 | AB123: =X123-Z123 -> 1625 | AD123: 3000 | AE123: 35 | AF123: =AD123/100*AE123 -> 1050 | AG123: =(AD123-AH123)/AD123*100 -> 35 | AH123: =AD123-AF123 -> 1950 | AJ123: 4000 | AK123: 35 | AL123: =AJ123/100*AK123 -> 1400 | AM123: =(AJ123-AN123)/AJ123*100 -> 35 | AN123: =AJ123-AL123 -> 2600
H124: Торпедо разборка | L124: 500 | M124: 35 | N124: =L124/100*M124 -> 175 | O124: =(L124-P124)/L124*100 -> 35 | P124: =L124-N124 -> 325 | R124: 500 | S124: 35 | T124: =R124/100*S124 -> 175 | U124: =(R124-V124)/R124*100 -> 35 | V124: =R124-T124 -> 325 | X124: 1000 | Y124: 35 | Z124: =X124/100*Y124 -> 350 | AA124: =(X124-AB124)/X124*100 -> 35 | AB124: =X124-Z124 -> 650 | AD124: 1000 | AE124: 35 | AF124: =AD124/100*AE124 -> 350 | AG124: =(AD124-AH124)/AD124*100 -> 35 | AH124: =AD124-AF124 -> 650 | AJ124: 1500 | AK124: 35 | AL124: =AJ124/100*AK124 -> 525 | AM124: =(AJ124-AN124)/AJ124*100 -> 35 | AN124: =AJ124-AL124 -> 975
H125: Торпедо сборка | L125: 500 | M125: 35 | N125: =L125/100*M125 -> 175 | O125: =(L125-P125)/L125*100 -> 35 | P125: =L125-N125 -> 325 | R125: 500 | S125: 35 | T125: =R125/100*S125 -> 175 | U125: =(R125-V125)/R125*100 -> 35 | V125: =R125-T125 -> 325 | X125: 1000 | Y125: 35 | Z125: =X125/100*Y125 -> 350 | AA125: =(X125-AB125)/X125*100 -> 35 | AB125: =X125-Z125 -> 650 | AD125: 1000 | AE125: 35 | AF125: =AD125/100*AE125 -> 350 | AG125: =(AD125-AH125)/AD125*100 -> 35 | AH125: =AD125-AF125 -> 650 | AJ125: 1500 | AK125: 35 | AL125: =AJ125/100*AK125 -> 525 | AM125: =(AJ125-AN125)/AJ125*100 -> 35 | AN125: =AJ125-AL125 -> 975
H126: Торпедо установка | L126: 1500 | M126: 35 | N126: =L126/100*M126 -> 525 | O126: =(L126-P126)/L126*100 -> 35 | P126: =L126-N126 -> 975 | R126: 2000 | S126: 35 | T126: =R126/100*S126 -> 700 | U126: =(R126-V126)/R126*100 -> 35 | V126: =R126-T126 -> 1300 | X126: 2500 | Y126: 35 | Z126: =X126/100*Y126 -> 875 | AA126: =(X126-AB126)/X126*100 -> 35 | AB126: =X126-Z126 -> 1625 | AD126: 3000 | AE126: 35 | AF126: =AD126/100*AE126 -> 1050 | AG126: =(AD126-AH126)/AD126*100 -> 35 | AH126: =AD126-AF126 -> 1950 | AJ126: 4000 | AK126: 35 | AL126: =AJ126/100*AK126 -> 1400 | AM126: =(AJ126-AN126)/AJ126*100 -> 35 | AN126: =AJ126-AL126 -> 2600
B128: 35 | D128: ФОНАРЬ ЗАДНИЙ (сторона) | H128: Фонарь задний съем | L128: 500 | M128: 35 | N128: =L128/100*M128 -> 175 | O128: =(L128-P128)/L128*100 -> 35 | P128: =L128-N128 -> 325 | R128: 500 | S128: 35 | T128: =R128/100*S128 -> 175 | U128: =(R128-V128)/R128*100 -> 35 | V128: =R128-T128 -> 325 | X128: 500 | Y128: 35 | Z128: =X128/100*Y128 -> 175 | AA128: =(X128-AB128)/X128*100 -> 35 | AB128: =X128-Z128 -> 325 | AD128: 750 | AE128: 35 | AF128: =AD128/100*AE128 -> 262.5 | AG128: =(AD128-AH128)/AD128*100 -> 35 | AH128: =AD128-AF128 -> 487.5 | AJ128: 1000 | AK128: 35 | AL128: =AJ128/100*AK128 -> 350 | AM128: =(AJ128-AN128)/AJ128*100 -> 35 | AN128: =AJ128-AL128 -> 650
H129: Фонарь задний установка | L129: 500 | M129: 35 | N129: =L129/100*M129 -> 175 | O129: =(L129-P129)/L129*100 -> 35 | P129: =L129-N129 -> 325 | R129: 500 | S129: 35 | T129: =R129/100*S129 -> 175 | U129: =(R129-V129)/R129*100 -> 35 | V129: =R129-T129 -> 325 | X129: 500 | Y129: 35 | Z129: =X129/100*Y129 -> 175 | AA129: =(X129-AB129)/X129*100 -> 35 | AB129: =X129-Z129 -> 325 | AD129: 750 | AE129: 35 | AF129: =AD129/100*AE129 -> 262.5 | AG129: =(AD129-AH129)/AD129*100 -> 35 | AH129: =AD129-AF129 -> 487.5 | AJ129: 1000 | AK129: 35 | AL129: =AJ129/100*AK129 -> 350 | AM129: =(AJ129-AN129)/AJ129*100 -> 35 | AN129: =AJ129-AL129 -> 650
B131: 36 | D131: ФАРА ПЕРЕДНЯЯ (сторона) | H131: Фара передняя съем | L131: 500 | M131: 35 | N131: =L131/100*M131 -> 175 | O131: =(L131-P131)/L131*100 -> 35 | P131: =L131-N131 -> 325 | R131: 500 | S131: 35 | T131: =R131/100*S131 -> 175 | U131: =(R131-V131)/R131*100 -> 35 | V131: =R131-T131 -> 325 | X131: 500 | Y131: 35 | Z131: =X131/100*Y131 -> 175 | AA131: =(X131-AB131)/X131*100 -> 35 | AB131: =X131-Z131 -> 325 | AD131: 750 | AE131: 35 | AF131: =AD131/100*AE131 -> 262.5 | AG131: =(AD131-AH131)/AD131*100 -> 35 | AH131: =AD131-AF131 -> 487.5 | AJ131: 1000 | AK131: 35 | AL131: =AJ131/100*AK131 -> 350 | AM131: =(AJ131-AN131)/AJ131*100 -> 35 | AN131: =AJ131-AL131 -> 650
H132: фара передняя установка | L132: 500 | M132: 35 | N132: =L132/100*M132 -> 175 | O132: =(L132-P132)/L132*100 -> 35 | P132: =L132-N132 -> 325 | R132: 500 | S132: 35 | T132: =R132/100*S132 -> 175 | U132: =(R132-V132)/R132*100 -> 35 | V132: =R132-T132 -> 325 | X132: 500 | Y132: 35 | Z132: =X132/100*Y132 -> 175 | AA132: =(X132-AB132)/X132*100 -> 35 | AB132: =X132-Z132 -> 325 | AD132: 750 | AE132: 35 | AF132: =AD132/100*AE132 -> 262.5 | AG132: =(AD132-AH132)/AD132*100 -> 35 | AH132: =AD132-AF132 -> 487.5 | AJ132: 1000 | AK132: 35 | AL132: =AJ132/100*AK132 -> 350 | AM132: =(AJ132-AN132)/AJ132*100 -> 35 | AN132: =AJ132-AL132 -> 650
B134: 37 | D134: ЦЕНТРАЛЬНАЯ КОНСОЛЬ | H134: Центральная консоль съем | L134: 1000 | M134: 35 | N134: =L134/100*M134 -> 350 | O134: =(L134-P134)/L134*100 -> 35 | P134: =L134-N134 -> 650 | R134: 1500 | S134: 35 | T134: =R134/100*S134 -> 525 | U134: =(R134-V134)/R134*100 -> 35 | V134: =R134-T134 -> 975 | X134: 1500 | Y134: 35 | Z134: =X134/100*Y134 -> 525 | AA134: =(X134-AB134)/X134*100 -> 35 | AB134: =X134-Z134 -> 975 | AD134: 2000 | AE134: 35 | AF134: =AD134/100*AE134 -> 700 | AG134: =(AD134-AH134)/AD134*100 -> 35 | AH134: =AD134-AF134 -> 1300 | AJ134: 2500 | AK134: 35 | AL134: =AJ134/100*AK134 -> 875 | AM134: =(AJ134-AN134)/AJ134*100 -> 35 | AN134: =AJ134-AL134 -> 1625
H135: Центральная консоль разборка | L135: 500 | M135: 35 | N135: =L135/100*M135 -> 175 | O135: =(L135-P135)/L135*100 -> 35 | P135: =L135-N135 -> 325 | R135: 500 | S135: 35 | T135: =R135/100*S135 -> 175 | U135: =(R135-V135)/R135*100 -> 35 | V135: =R135-T135 -> 325 | X135: 1000 | Y135: 35 | Z135: =X135/100*Y135 -> 350 | AA135: =(X135-AB135)/X135*100 -> 35 | AB135: =X135-Z135 -> 650 | AD135: 1000 | AE135: 35 | AF135: =AD135/100*AE135 -> 350 | AG135: =(AD135-AH135)/AD135*100 -> 35 | AH135: =AD135-AF135 -> 650 | AJ135: 1500 | AK135: 35 | AL135: =AJ135/100*AK135 -> 525 | AM135: =(AJ135-AN135)/AJ135*100 -> 35 | AN135: =AJ135-AL135 -> 975
H136: Центральная консоль сборка | L136: 500 | M136: 35 | N136: =L136/100*M136 -> 175 | O136: =(L136-P136)/L136*100 -> 35 | P136: =L136-N136 -> 325 | R136: 500 | S136: 35 | T136: =R136/100*S136 -> 175 | U136: =(R136-V136)/R136*100 -> 35 | V136: =R136-T136 -> 325 | X136: 1000 | Y136: 35 | Z136: =X136/100*Y136 -> 350 | AA136: =(X136-AB136)/X136*100 -> 35 | AB136: =X136-Z136 -> 650 | AD136: 1000 | AE136: 35 | AF136: =AD136/100*AE136 -> 350 | AG136: =(AD136-AH136)/AD136*100 -> 35 | AH136: =AD136-AF136 -> 650 | AJ136: 1500 | AK136: 35 | AL136: =AJ136/100*AK136 -> 525 | AM136: =(AJ136-AN136)/AJ136*100 -> 35 | AN136: =AJ136-AL136 -> 975
H137: Центральная консоль установка | L137: 1000 | M137: 35 | N137: =L137/100*M137 -> 350 | O137: =(L137-P137)/L137*100 -> 35 | P137: =L137-N137 -> 650 | R137: 1500 | S137: 35 | T137: =R137/100*S137 -> 525 | U137: =(R137-V137)/R137*100 -> 35 | V137: =R137-T137 -> 975 | X137: 1500 | Y137: 35 | Z137: =X137/100*Y137 -> 525 | AA137: =(X137-AB137)/X137*100 -> 35 | AB137: =X137-Z137 -> 975 | AD137: 2000 | AE137: 35 | AF137: =AD137/100*AE137 -> 700 | AG137: =(AD137-AH137)/AD137*100 -> 35 | AH137: =AD137-AF137 -> 1300 | AJ137: 2500 | AK137: 35 | AL137: =AJ137/100*AK137 -> 875 | AM137: =(AJ137-AN137)/AJ137*100 -> 35 | AN137: =AJ137-AL137 -> 1625
B139: 38 | D139: ШИЛЬДИКИ | H139: Шильдики съем | L139: 500 | M139: 35 | N139: =L139/100*M139 -> 175 | O139: =(L139-P139)/L139*100 -> 35 | P139: =L139-N139 -> 325 | R139: 500 | S139: 35 | T139: =R139/100*S139 -> 175 | U139: =(R139-V139)/R139*100 -> 35 | V139: =R139-T139 -> 325 | X139: 500 | Y139: 35 | Z139: =X139/100*Y139 -> 175 | AA139: =(X139-AB139)/X139*100 -> 35 | AB139: =X139-Z139 -> 325 | AD139: 500 | AE139: 35 | AF139: =AD139/100*AE139 -> 175 | AG139: =(AD139-AH139)/AD139*100 -> 35 | AH139: =AD139-AF139 -> 325 | AJ139: 1000 | AK139: 35 | AL139: =AJ139/100*AK139 -> 350 | AM139: =(AJ139-AN139)/AJ139*100 -> 35 | AN139: =AJ139-AL139 -> 650
H140: Шильдики установка | L140: 1000 | M140: 35 | N140: =L140/100*M140 -> 350 | O140: =(L140-P140)/L140*100 -> 35 | P140: =L140-N140 -> 650 | R140: 1000 | S140: 35 | T140: =R140/100*S140 -> 350 | U140: =(R140-V140)/R140*100 -> 35 | V140: =R140-T140 -> 650 | X140: 1000 | Y140: 35 | Z140: =X140/100*Y140 -> 350 | AA140: =(X140-AB140)/X140*100 -> 35 | AB140: =X140-Z140 -> 650 | AD140: 1500 | AE140: 35 | AF140: =AD140/100*AE140 -> 525 | AG140: =(AD140-AH140)/AD140*100 -> 35 | AH140: =AD140-AF140 -> 975 | AJ140: 2000 | AK140: 35 | AL140: =AJ140/100*AK140 -> 700 | AM140: =(AJ140-AN140)/AJ140*100 -> 35 | AN140: =AJ140-AL140 -> 1300
D151: АРМ, Антихром MAX | L151: =L10+L11+L12+L13+L15+L16+L17+L18+L32*2+L33*2+L34*2+L35*2+L58+L59+L60+L61+L66*4+L67*4+L69+L70+L72*2+L73*2+L75*2+L76*2+L78+L79+L81+L82+L93*2+L94*2+L95*2+L96*2+L98+L99+L100+L101+L106+L107+L109*4+L110*4+L139+L140 -> 37900 | R151: =R10+R11+R12+R13+R15+R16+R17+R18+R32*2+R33*2+R34*2+R35*2+R58+R59+R60+R61+R66*4+R67*4+R69+R70+R72*2+R73*2+R75*2+R76*2+R78+R79+R81+R82+R93*2+R94*2+R95*2+R96*2+R98+R99+R100+R101+R106+R107+R109*4+R110*4+R139+R140 -> 37900 | X151: =X10+X11+X12+X13+X15+X16+X17+X18+X32*2+X33*2+X34*2+X35*2+X58+X59+X60+X61+X66*4+X67*4+X69+X70+X72*2+X73*2+X75*2+X76*2+X78+X79+X81+X82+X93*2+X94*2+X95*2+X96*2+X98+X99+X100+X101+X106+X107+X109*4+X110*4+X139+X140 -> 41400 | AD151: =AD10+AD11+AD12+AD13+AD15+AD16+AD17+AD18+AD32*2+AD33*2+AD34*2+AD35*2+AD58+AD59+AD60+AD61+AD66*4+AD67*4+AD69+AD70+AD72*2+AD73*2+AD75*2+AD76*2+AD78+AD79+AD81+AD82+AD93*2+AD94*2+AD95*2+AD96*2+AD98+AD99+AD100+AD101+AD106+AD107+AD109*4+AD110*4+AD139+AD140 -> 55400 | AJ151: =AJ10+AJ11+AJ12+AJ13+AJ15+AJ16+AJ17+AJ18+AJ32*2+AJ33*2+AJ34*2+AJ35*2+AJ58+AJ59+AJ60+AJ61+AJ66*4+AJ67*4+AJ69+AJ70+AJ72*2+AJ73*2+AJ75*2+AJ76*2+AJ78+AJ79+AJ81+AJ82+AJ93*2+AJ94*2+AJ95*2+AJ96*2+AJ98+AJ99+AJ100+AJ101+AJ106+AJ107+AJ109*4+AJ110*4+AJ139+AJ140 -> 80600
D154: АРМ, Антихром MAX без разбора потолка | L154: =L151-L78-L79-L106-L107 -> 29900 | R154: =R151-R78-R79-R106-R107 -> 29900 | X154: =X151-X78-X79-X106-X107 -> 31400 | AD154: =AD151-AD78-AD79-AD106-AD107 -> 42200 | AJ154: =AJ151-AJ78-AJ79-AJ106-AJ107 -> 61100
...

Sheet ТОНИРОВКА СТЕКОЛ
M2: ФОТ, % | N2: ФОТ, руб | O2: Материал | Q2: Доп. Работы | R2: GPM, % | S2: GP, руб | V2: ФОТ, % | W2: ФОТ, руб | X2: Материал | Z2: Доп. Работы | AA2: GPM, % | AB2: GP, руб | AE2: ФОТ, % | AF2: ФОТ, руб | AG2: Материал | AI2: Доп. Работы | AJ2: GPM, % | AK2: GP, руб | AN2: ФОТ, % | AO2: ФОТ, руб | AP2: Материал | AR2: Доп. Работы | AS2: GPM, % | AT2: GP, руб | AW2: ФОТ, % | AX2: ФОТ, руб | AY2: Материал | BA2: Доп. Работы | BB2: GPM, % | BC2: GP, руб
O3: Сумма | P3: Расход | X3: Сумма | Y3: Расход | AG3: Сумма | AH3: Расход | AP3: Сумма | AQ3: Расход | AY3: Сумма | AZ3: Расход
B5: № п.п. | D5: ВИД РАБОТ | L5: СТОИМОСТЬ с учетом арматурных работ
L7: 1 класс | U7: 2 класс | AD7: 3 класс | AM7: 4 класс | AV7: 4+ класс
B9: ТОНИРУЮЩАЯ ПЛЕНКА. СВЕТОПРОПУСКАЕМОСТЬ: 5%, 15%, 35%, 50%. SUNTEK (USA)
B11: 1 | D11: Лобовое стекло | L11: =MROUND(N11+O11+Q11+S11,500) -> 5500 | M11: =N11*100/L11 -> 21.818182 | N11: =2*$F$65 -> 1200 | O11: =P11*$F$57 -> 2000 | P11: 1.5 | R11: 40 | S11: =MROUND((N11+O11)*R11/(100-R11),100) -> 2100 | U11: =MROUND(W11+X11+Z11+AB11,500) -> 5500 | V11: =W11*100/U11 -> 21.818182 | W11: =2*$F$65 -> 1200 | X11: =Y11*$F$57 -> 2133.3333 | Y11: 1.6 | AA11: 40 | AB11: =MROUND((W11+X11)*AA11/(100-AA11),100) -> 2200 | AD11: =MROUND(AF11+AG11+AI11+AK11,500) -> 6000 | AE11: =AF11*100/AD11 -> 20 | AF11: =2*$F$65 -> 1200 | AG11: =AH11*$F$57 -> 2266.6667 | AH11: 1.7 | AJ11: 40 | AK11: =MROUND((AF11+AG11)*AJ11/(100-AJ11),100) -> 2300 | AM11: =MROUND(AO11+AP11+AR11+AT11,500) -> 6000 | AN11: =AO11*100/AM11 -> 20 | AO11: =2*$F$65 -> 1200 | AP11: =AQ11*$F$57 -> 2400 | AQ11: 1.8 | AS11: 40 | AT11: =MROUND((AO11+AP11)*AS11/(100-AS11),100) -> 2400 | AV11: =MROUND(AX11+AY11+BA11+BC11,500) -> 6500 | AW11: =AX11*100/AV11 -> 18.461538 | AX11: =2*$F$65 -> 1200 | AY11: =AZ11*$F$57 -> 2666.6667 | AZ11: 2 | BB11: 40 | BC11: =MROUND((AX11+AY11)*BB11/(100-BB11),100) -> 2600
B13: 2 | D13: Передние боковые | L13: =MROUND(N13+O13+Q13+S13,500) -> 6000 | M13: =N13*100/L13 -> 10 | N13: =1*$F$65 -> 600 | O13: =P13*$F$57 -> 1333.3333 | P13: 1 | Q13: =('АРМАТУРНЫЕ РАБОТЫ'!$L$23+'АРМАТУРНЫЕ РАБОТЫ'!$L$24+'АРМАТУРНЫЕ РАБОТЫ'!$L$115+'АРМАТУРНЫЕ РАБОТЫ'!$L$116)*2 -> 3000 | R13: 40 | S13: =MROUND((N13+O13)*R13/(100-R13),100) -> 1300 | U13: =MROUND(W13+X13+Z13+AB13,500) -> 7000 | V13: =W13*100/U13 -> 8.5714286 | W13: =1*$F$65 -> 600 | X13: =Y13*$F$57 -> 1733.3333 | Y13: 1.3 | Z13: =('АРМАТУРНЫЕ РАБОТЫ'!$R$23+'АРМАТУРНЫЕ РАБОТЫ'!$R$24+'АРМАТУРНЫЕ РАБОТЫ'!$R$115+'АРМАТУРНЫЕ РАБОТЫ'!$R$116)*2 -> 3000 | AA13: 40 | AB13: =MROUND((W13+X13)*AA13/(100-AA13),100) -> 1600 | AD13: =MROUND(AF13+AG13+AI13+AK13,500) -> 8000 | AE13: =AF13*100/AD13 -> 7.5 | AF13: =1*$F$65 -> 600 | AG13: =AH13*$F$57 -> 1866.6667 | AH13: 1.4 | AI13: =2*('АРМАТУРНЫЕ РАБОТЫ'!$X$23+'АРМАТУРНЫЕ РАБОТЫ'!$X$24+'АРМАТУРНЫЕ РАБОТЫ'!$X$115+'АРМАТУРНЫЕ РАБОТЫ'!$X$116) -> 3800 | AJ13: 40 | AK13: =MROUND((AF13+AG13)*AJ13/(100-AJ13),100) -> 1600 | AM13: =MROUND(AO13+AP13+AR13+AT13,500) -> 10500 | AN13: =AO13*100/AM13 -> 5.7142857 | AO13: =1*$F$65 -> 600 | AP13: =AQ13*$F$57 -> 2000 | AQ13: 1.5 | AR13: =2*('АРМАТУРНЫЕ РАБОТЫ'!$AD$23+'АРМАТУРНЫЕ РАБОТЫ'!$AD$24+'АРМАТУРНЫЕ РАБОТЫ'!$AD$115+'АРМАТУРНЫЕ РАБОТЫ'!$AD$116) -> 6000 | AS13: 40 | AT13: =MROUND((AO13+AP13)*AS13/(100-AS13),100) -> 1700 | AV13: =MROUND(AX13+AY13+BA13+BC13,500) -> 11500 | AW13: =AX13*100/AV13 -> 5.2173913 | AX13: =1*$F$65 -> 600 | AY13: =AZ13*$F$57 -> 2000 | AZ13: 1.5 | BA13: =2*('АРМАТУРНЫЕ РАБОТЫ'!$AJ$23+'АРМАТУРНЫЕ РАБОТЫ'!$AJ$24+'АРМАТУРНЫЕ РАБОТЫ'!$AJ$115+'АРМАТУРНЫЕ РАБОТЫ'!$AJ$116) -> 7000 | BB13: 40 | BC13: =MROUND((AX13+AY13)*BB13/(100-BB13),100) -> 1700
B15: 3 | D15: Задняя полусфера | L15: =MROUND(N15+O15+Q15+S15,500) -> 10500 | M15: =N15*100/L15 -> 17.142857 | N15: =3*$F$65 -> 1800 | O15: =P15*$F$57 -> 2666.6667 | P15: 2 | Q15: =('АРМАТУРНЫЕ РАБОТЫ'!$L$23+'АРМАТУРНЫЕ РАБОТЫ'!$L$24+'АРМАТУРНЫЕ РАБОТЫ'!$L$115+'АРМАТУРНЫЕ РАБОТЫ'!$L$116)*2 -> 3000 | R15: 40 | S15: =MROUND((N15+O15)*R15/(100-R15),100) -> 3000 | U15: =MROUND(W15+X15+Z15+AB15,500) -> 10500 | V15: =W15*100/U15 -> 17.142857 | W15: =3*$F$65 -> 1800 | X15: =Y15*$F$57 -> 2800 | Y15: 2.1 | Z15: =('АРМАТУРНЫЕ РАБОТЫ'!$R$23+'АРМАТУРНЫЕ РАБОТЫ'!$R$24+'АРМАТУРНЫЕ РАБОТЫ'!$R$115+'АРМАТУРНЫЕ РАБОТЫ'!$R$116)*2 -> 3000 | AA15: 40 | AB15: =MROUND((W15+X15)*AA15/(100-AA15),100) -> 3100 | AD15: =MROUND(AF15+AG15+AI15+AK15,500) -> 11500 | AE15: =AF15*100/AD15 -> 15.652174 | AF15: =3*$F$65 -> 1800 | AG15: =AH15*$F$57 -> 2933.3333 | AH15: 2.2 | AI15: =2*('АРМАТУРНЫЕ РАБОТЫ'!$X$23+'АРМАТУРНЫЕ РАБОТЫ'!$X$24+'АРМАТУРНЫЕ РАБОТЫ'!$X$115+'АРМАТУРНЫЕ РАБОТЫ'!$X$116) -> 3800 | AJ15: 40 | AK15: =MROUND((AF15+AG15)*AJ15/(100-AJ15),100) -> 3200 | AM15: =MROUND(AO15+AP15+AR15+AT15,500) -> 14000 | AN15: =AO15*100/AM15 -> 12.857143 | AO15: =3*$F$65 -> 1800 | AP15: =AQ15*$F$57 -> 3066.6667 | AQ15: 2.3 | AR15: =2*('АРМАТУРНЫЕ РАБОТЫ'!$AD$23+'АРМАТУРНЫЕ РАБОТЫ'!$AD$24+'АРМАТУРНЫЕ РАБОТЫ'!$AD$115+'АРМАТУРНЫЕ РАБОТЫ'!$AD$116) -> 6000 | AS15: 40 | AT15: =MROUND((AO15+AP15)*AS15/(100-AS15),100) -> 3200 | AV15: =MROUND(AX15+AY15+BA15+BC15,500) -> 15500 | AW15: =AX15*100/AV15 -> 11.612903 | AX15: =3*$F$65 -> 1800 | AY15: =AZ15*$F$57 -> 3333.3333 | AZ15: 2.5 | BA15: =2*('АРМАТУРНЫЕ РАБОТЫ'!$AJ$23+'АРМАТУРНЫЕ РАБОТЫ'!$AJ$24+'АРМАТУРНЫЕ РАБОТЫ'!$AJ$115+'АРМАТУРНЫЕ РАБОТЫ'!$AJ$116) -> 7000 | BB15: 40 | BC15: =MROUND((AX15+AY15)*BB15/(100-BB15),100) -> 3400
B17: 4 | D17: Передняя полусфера | L17: =MROUND(N17+O17+Q17+S17,500) -> 11500 | M17: =N17*100/L17 -> 20.869565 | N17: =4*$F$65 -> 2400 | O17: =P17*$F$57 -> 2666.6667 | P17: 2 | Q17: =('АРМАТУРНЫЕ РАБОТЫ'!$L$23+'АРМАТУРНЫЕ РАБОТЫ'!$L$24+'АРМАТУРНЫЕ РАБОТЫ'!$L$115+'АРМАТУРНЫЕ РАБОТЫ'!$L$116)*2 -> 3000 | R17: 40 | S17: =MROUND((N17+O17)*R17/(100-R17),100) -> 3400 | U17: =MROUND(W17+X17+Z17+AB17,500) -> 11500 | V17: =W17*100/U17 -> 20.869565 | W17: =4*$F$65 -> 2400 | X17: =Y17*$F$57 -> 2800 | Y17: 2.1 | Z17: =('АРМАТУРНЫЕ РАБОТЫ'!$R$23+'АРМАТУРНЫЕ РАБОТЫ'!$R$24+'АРМАТУРНЫЕ РАБОТЫ'!$R$115+'АРМАТУРНЫЕ РАБОТЫ'!$R$116)*2 -> 3000 | AA17: 40 | AB17: =MROUND((W17+X17)*AA17/(100-AA17),100) -> 3500 | AD17: =MROUND(AF17+AG17+AI17+AK17,500) -> 12500 | AE17: =AF17*100/AD17 -> 19.2 | AF17: =4*$F$65 -> 2400 | AG17: =AH17*$F$57 -> 2933.3333 | AH17: 2.2 | AI17: =2*('АРМАТУРНЫЕ РАБОТЫ'!$X$23+'АРМАТУРНЫЕ РАБОТЫ'!$X$24+'АРМАТУРНЫЕ РАБОТЫ'!$X$115+'АРМАТУРНЫЕ РАБОТЫ'!$X$116) -> 3800 | AJ17: 40 | AK17: =MROUND((AF17+AG17)*AJ17/(100-AJ17),100) -> 3600 | AM17: =MROUND(AO17+AP17+AR17+AT17,500) -> 15000 | AN17: =AO17*100/AM17 -> 16 | AO17: =4*$F$65 -> 2400 | AP17: =AQ17*$F$57 -> 3066.6667 | AQ17: 2.3 | AR17: =2*('АРМАТУРНЫЕ РАБОТЫ'!$AD$23+'АРМАТУРНЫЕ РАБОТЫ'!$AD$24+'АРМАТУРНЫЕ РАБОТЫ'!$AD$115+'АРМАТУРНЫЕ РАБОТЫ'!$AD$116) -> 6000 | AS17: 40 | AT17: =MROUND((AO17+AP17)*AS17/(100-AS17),100) -> 3600 | AV17: =MROUND(AX17+AY17+BA17+BC17,500) -> 16500 | AW17: =AX17*100/AV17 -> 14.545455 | AX17: =4*$F$65 -> 2400 | AY17: =AZ17*$F$57 -> 3333.3333 | AZ17: 2.5 | BA17: =2*('АРМАТУРНЫЕ РАБОТЫ'!$AJ$23+'АРМАТУРНЫЕ РАБОТЫ'!$AJ$24+'АРМАТУРНЫЕ РАБОТЫ'!$AJ$115+'АРМАТУРНЫЕ РАБОТЫ'!$AJ$116) -> 7000 | BB17: 40 | BC17: =MROUND((AX17+AY17)*BB17/(100-BB17),100) -> 3800
B19: 5 | D19: Люк | L19: =MROUND(N19+O19+Q19+S19,500) -> 3000 | M19: =N19*100/L19 -> 40 | N19: =2*$F$65 -> 1200 | O19: =P19*$F$57 -> 666.66667 | P19: 0.5 | R19: 40 | S19: =MROUND((N19+O19)*R19/(100-R19),100) -> 1200 | U19: =MROUND(W19+X19+Z19+AB19,500) -> 3500 | V19: =W19*100/U19 -> 34.285714 | W19: =2*$F$65 -> 1200 | X19: =Y19*$F$57 -> 800 | Y19: 0.6 | AA19: 40 | AB19: =MROUND((W19+X19)*AA19/(100-AA19),100) -> 1300 | AD19: =MROUND(AF19+AG19+AI19+AK19,500) -> 3500 | AE19: =AF19*100/AD19 -> 34.285714 | AF19: =2*$F$65 -> 1200 | AG19: =AH19*$F$57 -> 933.33333 | AH19: 0.7 | AJ19: 40 | AK19: =MROUND((AF19+AG19)*AJ19/(100-AJ19),100) -> 1400 | AM19: =MROUND(AO19+AP19+AR19+AT19,500) -> 3500 | AN19: =AO19*100/AM19 -> 34.285714 | AO19: =2*$F$65 -> 1200 | AP19: =AQ19*$F$57 -> 933.33333 | AQ19: 0.7 | AS19: 40 | AT19: =MROUND((AO19+AP19)*AS19/(100-AS19),100) -> 1400 | AV19: =MROUND(AX19+AY19+BA19+BC19,500) -> 4000 | AW19: =AX19*100/AV19 -> 30 | AX19: =2*$F$65 -> 1200 | AY19: =AZ19*$F$57 -> 1066.6667 | AZ19: 0.8 | BB19: 40 | BC19: =MROUND((AX19+AY19)*BB19/(100-BB19),100) -> 1500
B21: 6 | D21: Панорама | L21: =MROUND(N21+O21+Q21+S21,500) -> 8500 | M21: =N21*100/L21 -> 28.235294 | N21: =4*$F$65 -> 2400 | O21: =P21*$F$57 -> 2666.6667 | P21: 2 | R21: 40 | S21: =MROUND((N21+O21)*R21/(100-R21),100) -> 3400 | U21: =MROUND(W21+X21+Z21+AB21,500) -> 9500 | V21: =W21*100/U21 -> 25.263158 | W21: =4*$F$65 -> 2400 | X21: =Y21*$F$57 -> 2800 | Y21: 2.1 | AA21: 45 | AB21: =MROUND((W21+X21)*AA21/(100-AA21),100) -> 4300 | AD21: =MROUND(AF21+AG21+AI21+AK21,500) -> 10500 | AE21: =AF21*100/AD21 -> 22.857143 | AF21: =4*$F$65 -> 2400 | AG21: =AH21*$F$57 -> 2933.3333 | AH21: 2.2 | AJ21: 50 | AK21: =MROUND((AF21+AG21)*AJ21/(100-AJ21),100) -> 5300 | AM21: =MROUND(AO21+AP21+AR21+AT21,500) -> 11000 | AN21: =AO21*100/AM21 -> 21.818182 | AO21: =4*$F$65 -> 2400 | AP21: =AQ21*$F$57 -> 3066.6667 | AQ21: 2.3 | AS21: 50 | AT21: =MROUND((AO21+AP21)*AS21/(100-AS21),100) -> 5500 | AV21: =MROUND(AX21+AY21+BA21+BC21,500) -> 11500 | AW21: =AX21*100/AV21 -> 20.869565 | AX21: =4*$F$65 -> 2400 | AY21: =AZ21*$F$57 -> 3333.3333 | AZ21: 2.5 | BB21: 50 | BC21: =MROUND((AX21+AY21)*BB21/(100-BB21),100) -> 5700
B23: АТЕРМАЛЬНАЯ ПЛЕНКА. СВЕТОПРОПУСКАЕМОСТЬ 64%. NDFOS
B25: 7 | D25: Лобовое стекло | L25: =MROUND(N25+O25+Q25+S25,500) -> 7500 | M25: =N25*100/L25 -> 16 | N25: =2*$F$65 -> 1200 | O25: =P25*$F$59 -> 1850 | P25: 1.5 | R25: 60 | S25: =MROUND((N25+O25)*R25/(100-R25),100) -> 4600 | U25: =MROUND(W25+X25+Z25+AB25,500) -> 8000 | V25: =W25*100/U25 -> 15 | W25: =2*$F$65 -> 1200 | X25: =Y25*$F$59 -> 1973.3333 | Y25: 1.6 | AA25: 60 | AB25: =MROUND((W25+X25)*AA25/(100-AA25),100) -> 4800 | AD25: =MROUND(AF25+AG25+AI25+AK25,500) -> 8000 | AE25: =AF25*100/AD25 -> 15 | AF25: =2*$F$65 -> 1200 | AG25: =AH25*$F$59 -> 2096.6667 | AH25: 1.7 | AJ25: 60 | AK25: =MROUND((AF25+AG25)*AJ25/(100-AJ25),100) -> 4900 | AM25: =MROUND(AO25+AP25+AR25+AT25,500) -> 8500 | AN25: =AO25*100/AM25 -> 14.117647 | AO25: =2*$F$65 -> 1200 | AP25: =AQ25*$F$59 -> 2220 | AQ25: 1.8 | AS25: 60 | AT25: =MROUND((AO25+AP25)*AS25/(100-AS25),100) -> 5100 | AV25: =MROUND(AX25+AY25+BA25+BC25,500) -> 9000 | AW25: =AX25*100/AV25 -> 13.333333 | AX25: =2*$F$65 -> 1200 | AY25: =AZ25*$F$59 -> 2466.6667 | AZ25: 2 | BB25: 60 | BC25: =MROUND((AX25+AY25)*BB25/(100-BB25),100) -> 5500
B27: 8 | D27: Передние боковые | L27: =MROUND(N27+O27+Q27+S27,500) -> 7500 | M27: =N27*100/L27 -> 8 | N27: =1*$F$65 -> 600 | O27: =P27*$F$59 -> 1233.3333 | P27: 1 | Q27: =('АРМАТУРНЫЕ РАБОТЫ'!$L$23+'АРМАТУРНЫЕ РАБОТЫ'!$L$24+'АРМАТУРНЫЕ РАБОТЫ'!$L$115+'АРМАТУРНЫЕ РАБОТЫ'!$L$116)*2 -> 3000 | R27: 60 | S27: =MROUND((N27+O27)*R27/(100-R27),100) -> 2800 | U27: =MROUND(W27+X27+Z27+AB27,500) -> 8500 | V27: =W27*100/U27 -> 7.0588235 | W27: =1*$F$65 -> 600 | X27: =Y27*$F$59 -> 1603.3333 | Y27: 1.3 | Z27: =('АРМАТУРНЫЕ РАБОТЫ'!$R$23+'АРМАТУРНЫЕ РАБОТЫ'!$R$24+'АРМАТУРНЫЕ РАБОТЫ'!$R$115+'АРМАТУРНЫЕ РАБОТЫ'!$R$116)*2 -> 3000 | AA27: 60 | AB27: =MROUND((W27+X27)*AA27/(100-AA27),100) -> 3300 | AD27: =MROUND(AF27+AG27+AI27+AK27,500) -> 9500 | AE27: =AF27*100/AD27 -> 6.3157895 | AF27: =1*$F$65 -> 600 | AG27: =AH27*$F$59 -> 1726.6667 | AH27: 1.4 | AI27: =2*('АРМАТУРНЫЕ РАБОТЫ'!$X$23+'АРМАТУРНЫЕ РАБОТЫ'!$X$24+'АРМАТУРНЫЕ РАБОТЫ'!$X$115+'АРМАТУРНЫЕ РАБОТЫ'!$X$116) -> 3800 | AJ27: 60 | AK27: =MROUND((AF27+AG27)*AJ27/(100-AJ27),100) -> 3500 | AM27: =MROUND(AO27+AP27+AR27+AT27,500) -> 12000 | AN27: =AO27*100/AM27 -> 5 | AO27: =1*$F$65 -> 600 | AP27: =AQ27*$F$59 -> 1850 | AQ27: 1.5 | AR27: =2*('АРМАТУРНЫЕ РАБОТЫ'!$AD$23+'АРМАТУРНЫЕ РАБОТЫ'!$AD$24+'АРМАТУРНЫЕ РАБОТЫ'!$AD$115+'АРМАТУРНЫЕ РАБОТЫ'!$AD$116) -> 6000 | AS27: 60 | AT27: =MROUND((AO27+AP27)*AS27/(100-AS27),100) -> 3700 | AV27: =MROUND(AX27+AY27+BA27+BC27,500) -> 13000 | AW27: =AX27*100/AV27 -> 4.6153846 | AX27: =1*$F$65 -> 600 | AY27: =AZ27*$F$59 -> 1850 | AZ27: 1.5 | BA27: =2*('АРМАТУРНЫЕ РАБОТЫ'!$AJ$23+'АРМАТУРНЫЕ РАБОТЫ'!$AJ$24+'АРМАТУРНЫЕ РАБОТЫ'!$AJ$115+'АРМАТУРНЫЕ РАБОТЫ'!$AJ$116) -> 7000 | BB27: 60 | BC27: =MROUND((AX27+AY27)*BB27/(100-BB27),100) -> 3700
B29: 9 | D29: Задняя полусфера | L29: =MROUND(N29+O29+Q29+S29,500) -> 13500 | M29: =N29*100/L29 -> 13.333333 | N29: =3*$F$65 -> 1800 | O29: =P29*$F$59 -> 2466.6667 | P29: 2 | Q29: =('АРМАТУРНЫЕ РАБОТЫ'!$L$23+'АРМАТУРНЫЕ РАБОТЫ'!$L$24+'АРМАТУРНЫЕ РАБОТЫ'!$L$115+'АРМАТУРНЫЕ РАБОТЫ'!$L$116)*2 -> 3000 | R29: 60 | S29: =MROUND((N29+O29)*R29/(100-R29),100) -> 6400 | U29: =MROUND(W29+X29+Z29+AB29,500) -> 14000 | V29: =W29*100/U29 -> 12.857143 | W29: =3*$F$65 -> 1800 | X29: =Y29*$F$59 -> 2590 | Y29: 2.1 | Z29: =('АРМАТУРНЫЕ РАБОТЫ'!$R$23+'АРМАТУРНЫЕ РАБОТЫ'!$R$24+'АРМАТУРНЫЕ РАБОТЫ'!$R$115+'АРМАТУРНЫЕ РАБОТЫ'!$R$116)*2 -> 3000 | AA29: 60 | AB29: =MROUND((W29+X29)*AA29/(100-AA29),100) -> 6600 | AD29: =MROUND(AF29+AG29+AI29+AK29,500) -> 15000 | AE29: =AF29*100/AD29 -> 12 | AF29: =3*$F$65 -> 1800 | AG29: =AH29*$F$59 -> 2713.3333 | AH29: 2.2 | AI29: =2*('АРМАТУРНЫЕ РАБОТЫ'!$X$23+'АРМАТУРНЫЕ РАБОТЫ'!$X$24+'АРМАТУРНЫЕ РАБОТЫ'!$X$115+'АРМАТУРНЫЕ РАБОТЫ'!$X$116) -> 3800 | AJ29: 60 | AK29: =MROUND((AF29+AG29)*AJ29/(100-AJ29),100) -> 6800 | AM29: =MROUND(AO29+AP29+AR29+AT29,500) -> 17500 | AN29: =AO29*100/AM29 -> 10.285714 | AO29: =3*$F$65 -> 1800 | AP29: =AQ29*$F$59 -> 2836.6667 | AQ29: 2.3 | AR29: =2*('АРМАТУРНЫЕ РАБОТЫ'!$AD$23+'АРМАТУРНЫЕ РАБОТЫ'!$AD$24+'АРМАТУРНЫЕ РАБОТЫ'!$AD$115+'АРМАТУРНЫЕ РАБОТЫ'!$AD$116) -> 6000 | AS29: 60 | AT29: =MROUND((AO29+AP29)*AS29/(100-AS29),100) -> 7000 | AV29: =MROUND(AX29+AY29+BA29+BC29,500) -> 19000 | AW29: =AX29*100/AV29 -> 9.4736842 | AX29: =3*$F$65 -> 1800 | AY29: =AZ29*$F$59 -> 3083.3333 | AZ29: 2.5 | BA29: =2*('АРМАТУРНЫЕ РАБОТЫ'!$AJ$23+'АРМАТУРНЫЕ РАБОТЫ'!$AJ$24+'АРМАТУРНЫЕ РАБОТЫ'!$AJ$115+'АРМАТУРНЫЕ РАБОТЫ'!$AJ$116) -> 7000 | BB29: 60 | BC29: =MROUND((AX29+AY29)*BB29/(100-BB29),100) -> 7300
B31: 10 | D31: Передняя полусфера | L31: =MROUND(N31+O31+Q31+S31,500) -> 15000 | M31: =N31*100/L31 -> 16 | N31: =4*$F$65 -> 2400 | O31: =P31*$F$59 -> 2466.6667 | P31: 2 | Q31: =('АРМАТУРНЫЕ РАБОТЫ'!$L$23+'АРМАТУРНЫЕ РАБОТЫ'!$L$24+'АРМАТУРНЫЕ РАБОТЫ'!$L$115+'АРМАТУРНЫЕ РАБОТЫ'!$L$116)*2 -> 3000 | R31: 60 | S31: =MROUND((N31+O31)*R31/(100-R31),100) -> 7300 | U31: =MROUND(W31+X31+Z31+AB31,500) -> 15500 | V31: =W31*100/U31 -> 15.483871 | W31: =4*$F$65 -> 2400 | X31: =Y31*$F$59 -> 2590 | Y31: 2.1 | Z31: =('АРМАТУРНЫЕ РАБОТЫ'!$R$23+'АРМАТУРНЫЕ РАБОТЫ'!$R$24+'АРМАТУРНЫЕ РАБОТЫ'!$R$115+'АРМАТУРНЫЕ РАБОТЫ'!$R$116)*2 -> 3000 | AA31: 60 | AB31: =MROUND((W31+X31)*AA31/(100-AA31),100) -> 7500 | AD31: =MROUND(AF31+AG31+AI31+AK31,500) -> 16500 | AE31: =AF31*100/AD31 -> 14.545455 | AF31: =4*$F$65 -> 2400 | AG31: =AH31*$F$59 -> 2713.3333 | AH31: 2.2 | AI31: =2*('АРМАТУРНЫЕ РАБОТЫ'!$X$23+'АРМАТУРНЫЕ РАБОТЫ'!$X$24+'АРМАТУРНЫЕ РАБОТЫ'!$X$115+'АРМАТУРНЫЕ РАБОТЫ'!$X$116) -> 3800 | AJ31: 60 | AK31: =MROUND((AF31+AG31)*AJ31/(100-AJ31),100) -> 7700 | AM31: =MROUND(AO31+AP31+AR31+AT31,500) -> 19000 | AN31: =AO31*100/AM31 -> 12.631579 | AO31: =4*$F$65 -> 2400 | AP31: =AQ31*$F$59 -> 2836.6667 | AQ31: 2.3 | AR31: =2*('АРМАТУРНЫЕ РАБОТЫ'!$AD$23+'АРМАТУРНЫЕ РАБОТЫ'!$AD$24+'АРМАТУРНЫЕ РАБОТЫ'!$AD$115+'АРМАТУРНЫЕ РАБОТЫ'!$AD$116) -> 6000 | AS31: 60 | AT31: =MROUND((AO31+AP31)*AS31/(100-AS31),100) -> 7900 | AV31: =MROUND(AX31+AY31+BA31+BC31,500) -> 20500 | AW31: =AX31*100/AV31 -> 11.707317 | AX31: =4*$F$65 -> 2400 | AY31: =AZ31*$F$59 -> 3083.3333 | AZ31: 2.5 | BA31: =2*('АРМАТУРНЫЕ РАБОТЫ'!$AJ$23+'АРМАТУРНЫЕ РАБОТЫ'!$AJ$24+'АРМАТУРНЫЕ РАБОТЫ'!$AJ$115+'АРМАТУРНЫЕ РАБОТЫ'!$AJ$116) -> 7000 | BB31: 60 | BC31: =MROUND((AX31+AY31)*BB31/(100-BB31),100) -> 8200
B33: 11 | D33: Люк | L33: =MROUND(N33+O33+Q33+S33,500) -> 4500 | M33: =N33*100/L33 -> 26.666667 | N33: =2*$F$65 -> 1200 | O33: =P33*$F$59 -> 616.66667 | P33: 0.5 | R33: 60 | S33: =MROUND((N33+O33)*R33/(100-R33),100) -> 2700 | U33: =MROUND(W33+X33+Z33+AB33,500) -> 5000 | V33: =W33*100/U33 -> 24 | W33: =2*$F$65 -> 1200 | X33: =Y33*$F$59 -> 740 | Y33: 0.6 | AA33: 60 | AB33: =MROUND((W33+X33)*AA33/(100-AA33),100) -> 2900 | AD33: =MROUND(AF33+AG33+AI33+AK33,500) -> 5000 | AE33: =AF33*100/AD33 -> 24 | AF33: =2*$F$65 -> 1200 | AG33: =AH33*$F$59 -> 863.33333 | AH33: 0.7 | AJ33: 60 | AK33: =MROUND((AF33+AG33)*AJ33/(100-AJ33),100) -> 3100 | AM33: =MROUND(AO33+AP33+AR33+AT33,500) -> 5000 | AN33: =AO33*100/AM33 -> 24 | AO33: =2*$F$65 -> 1200 | AP33: =AQ33*$F$59 -> 863.33333 | AQ33: 0.7 | AS33: 60 | AT33: =MROUND((AO33+AP33)*AS33/(100-AS33),100) -> 3100 | AV33: =MROUND(AX33+AY33+BA33+BC33,500) -> 5500 | AW33: =AX33*100/AV33 -> 21.818182 | AX33: =2*$F$65 -> 1200 | AY33: =AZ33*$F$59 -> 986.66667 | AZ33: 0.8 | BB33: 60 | BC33: =MROUND((AX33+AY33)*BB33/(100-BB33),100) -> 3300
B35: 12 | D35: Панорама | L35: =MROUND(N35+O35+Q35+S35,500) -> 12000 | M35: =N35*100/L35 -> 20 | N35: =4*$F$65 -> 2400 | O35: =P35*$F$59 -> 2466.6667 | P35: 2 | R35: 60 | S35: =MROUND((N35+O35)*R35/(100-R35),100) -> 7300 | U35: =MROUND(W35+X35+Z35+AB35,500) -> 12500 | V35: =W35*100/U35 -> 19.2 | W35: =4*$F$65 -> 2400 | X35: =Y35*$F$59 -> 2590 | Y35: 2.1 | AA35: 60 | AB35: =MROUND((W35+X35)*AA35/(100-AA35),100) -> 7500 | AD35: =MROUND(AF35+AG35+AI35+AK35,500) -> 13000 | AE35: =AF35*100/AD35 -> 18.461538 | AF35: =4*$F$65 -> 2400 | AG35: =AH35*$F$59 -> 2713.3333 | AH35: 2.2 | AJ35: 60 | AK35: =MROUND((AF35+AG35)*AJ35/(100-AJ35),100) -> 7700 | AM35: =MROUND(AO35+AP35+AR35+AT35,500) -> 13000 | AN35: =AO35*100/AM35 -> 18.461538 | AO35: =4*$F$65 -> 2400 | AP35: =AQ35*$F$59 -> 2836.6667 | AQ35: 2.3 | AS35: 60 | AT35: =MROUND((AO35+AP35)*AS35/(100-AS35),100) -> 7900 | AV35: =MROUND(AX35+AY35+BA35+BC35,500) -> 13500 | AW35: =AX35*100/AV35 -> 17.777778 | AX35: =4*$F$65 -> 2400 | AY35: =AZ35*$F$59 -> 3083.3333 | AZ35: 2.5 | BB35: 60 | BC35: =MROUND((AX35+AY35)*BB35/(100-BB35),100) -> 8200
B37: БРОНЕПЛЕНКА. PET. PROFILM EXW4
B39: 13 | D39: Лобовое стекло | L39: =MROUND(O39*100/45,500)+Q39 -> 29000 | M39: 40 | N39: =(L39-Q39-O39)/100*M39 -> 6160 | O39: =P39*$F$61 -> 12600 | P39: 1.5 | Q39: =('АРМАТУРНЫЕ РАБОТЫ'!L90+'АРМАТУРНЫЕ РАБОТЫ'!L91)*2 -> 1000 | R39: =(L39-(N39+O39))/L39*100 -> 35.310345 | S39: =L39-Q39-N39-O39 -> 9240 | U39: =MROUND(X39*100/45,500)+Z39 -> 31000 | V39: 40 | W39: =(U39-Z39-X39)/100*V39 -> 6624 | X39: =Y39*$F$61 -> 13440 | Y39: 1.6 | Z39: =('АРМАТУРНЫЕ РАБОТЫ'!$R$90+'АРМАТУРНЫЕ РАБОТЫ'!$R$91)*2 -> 1000 | AA39: =(U39-(W39+X39))/U39*100 -> 35.277419 | AB39: =U39-Z39-W39-X39 -> 9936 | AD39: =MROUND(AG39*100/45,500)+AI39 -> 32500 | AE39: 40 | AF39: =(AD39-AI39-AG39)/100*AE39 -> 6888 | AG39: =AH39*$F$61 -> 14280 | AH39: 1.7 | AI39: =2*('АРМАТУРНЫЕ РАБОТЫ'!$X$90+'АРМАТУРНЫЕ РАБОТЫ'!$X$91) -> 1000 | AJ39: =(AD39-(AF39+AG39))/AD39*100 -> 34.867692 | AK39: =AD39-AI39-AF39-AG39 -> 10332 | AM39: =MROUND(AP39*100/45,500)+AR39 -> 35500 | AN39: 40 | AO39: =(AM39-AR39-AP39)/100*AN39 -> 7352 | AP39: =AQ39*$F$61 -> 15120 | AQ39: 1.8 | AR39: =2*('АРМАТУРНЫЕ РАБОТЫ'!$AD$90+'АРМАТУРНЫЕ РАБОТЫ'!$AD$91) -> 2000 | AS39: =(AM39-(AO39+AP39))/AM39*100 -> 36.698592 | AT39: =AM39-AR39-AO39-AP39 -> 11028 | AV39: =MROUND(AY39*100/45,500)+BA39 -> 36500 | AW39: 40 | AX39: =(AV39-BA39-AY39)/100*AW39 -> 7352 | AY39: =AZ39*$F$61 -> 15120 | AZ39: 1.8 | BA39: =2*('АРМАТУРНЫЕ РАБОТЫ'!$AJ$90+'АРМАТУРНЫЕ РАБОТЫ'!$AJ$91) -> 3000 | BB39: =(AV39-(AX39+AY39))/AV39*100 -> 38.432877 | BC39: =AV39-BA39-AX39-AY39 -> 11028
B41: БРОНЕПЛЕНКА. PPF. PROFILM SUN RUF
B43: 14 | D43: Люк | L43: =MROUND(N43+O43+Q43+S43,500) -> 8000 | M43: =N43*100/L43 -> 15 | N43: =2*$F$65 -> 1200 | O43: =P43*$F$63 -> 2800 | P43: 0.5 | R43: 50 | S43: =MROUND((N43+O43)*R43/(100-R43),100) -> 4000 | U43: =MROUND(W43+X43+Z43+AB43,500) -> 9000 | V43: 35 | W43: =2*$F$65 -> 1200 | X43: =Y43*$F$63 -> 3360 | Y43: 0.6 | AA43: 50 | AB43: =MROUND((W43+X43)*AA43/(100-AA43),100) -> 4600
B45: 15 | D45: Панорама | L45: =MROUND(N45+O45+Q45+S45,500) -> 27000 | M45: =N45*100/L45 -> 8.8888889 | N45: =4*$F$65 -> 2400 | O45: =P45*$F$63 -> 11200 | P45: 2 | R45: 50 | S45: =MROUND((N45+O45)*R45/(100-R45),100) -> 13600 | U45: =MROUND(W45+X45+Z45+AB45,500) -> 28500 | V45: 35 | W45: =4*$F$65 -> 2400 | X45: =Y45*$F$63 -> 11760 | Y45: 2.1 | AA45: 50 | AB45: =MROUND((W45+X45)*AA45/(100-AA45),100) -> 14200
A52: ДАННЫЕ ДЛЯ РАСЧЕТА
D54: Цена
D55: рулон | F55: м/п
A57: SUNTEK | D57: 40000 | F57: =D57/30 -> 1333.3333
A59: NDFOS | D59: 37000 | F59: =D59/30 -> 1233.3333
A61: EXW4 | D61: 126000 | F61: =D61/15 -> 8400
A63: SUN RUF | D63: 84000 | F63: =D63/15 -> 5600
A65: Ставка грейда в руб/час | F65: 600
